Date,Ticker,Adj_Close,Sector,Benchmark_return
2020-01-02,SPY,298.57867431640625,,
2020-01-03,SPY,296.31781005859375,,-0.0075720888740253844
2020-01-06,SPY,297.4482116699219,,0.003814828447552987
2020-01-07,SPY,296.6118469238281,,-0.002811799544526594
2020-01-08,SPY,298.1926574707031,,0.005329559703260767
2020-01-09,SPY,300.214599609375,,0.0067806570283190926
2020-01-10,SPY,299.3506774902344,,-0.0028776818990972064
2020-01-13,SPY,301.4093933105469,,0.006877271291225506
2020-01-14,SPY,300.9498596191406,,-0.0015246163577018468
2020-01-15,SPY,301.6300048828125,,0.0022599952847048854
2020-01-16,SPY,304.13909912109375,,0.008318450411642697
2020-01-17,SPY,305.085693359375,,0.0031123727301642923
2020-01-21,SPY,304.4883117675781,,-0.001958078024632881
2020-01-22,SPY,304.525146484375,,0.00012097251478415671
2020-01-23,SPY,304.8742370605469,,0.001146344005419575
2020-01-24,SPY,302.16302490234375,,-0.008892887061705657
2020-01-27,SPY,297.3194885253906,,-0.016029546892835422
2020-01-28,SPY,300.4352722167969,,0.010479581095943491
2020-01-29,SPY,300.18701171875,,-0.0008263360563992572
2020-01-30,SPY,301.1612548828125,,0.003245454087051902
2020-01-31,SPY,295.6928405761719,,-0.018157761723925914
2020-02-03,SPY,297.8893127441406,,0.007428222352928282
2020-02-04,SPY,302.4295349121094,,0.015241305994311949
2020-02-05,SPY,305.9220886230469,,0.011548322196615057
2020-02-06,SPY,306.951416015625,,0.003364671695369026
2020-02-07,SPY,305.31549072265625,,-0.005329590311730192
2020-02-10,SPY,307.5947265625,,0.007465182439479134
2020-02-11,SPY,308.12786865234375,,0.0017332614762348708
2020-02-12,SPY,310.1130065917969,,0.006442578362468421
2020-02-13,SPY,309.7821044921875,,-0.001067037152830408
2020-02-14,SPY,310.2784423828125,,0.0016022161494404497
2020-02-18,SPY,309.4788818359375,,-0.0025769129841399785
2020-02-19,SPY,310.95855712890625,,0.004781183401564526
2020-02-20,SPY,309.68109130859375,,-0.004108154578884693
2020-02-21,SPY,306.4918518066406,,-0.010298463779227274
2020-02-24,SPY,296.32696533203125,,-0.033165274752629315
2020-02-25,SPY,287.3476257324219,,-0.03030213463546294
2020-02-26,SPY,286.29071044921875,,-0.003678176496183516
2020-02-27,SPY,273.4328308105469,,-0.04491196944007225
2020-02-28,SPY,272.283935546875,,-0.004201745855704875
2020-03-02,SPY,284.0756530761719,,0.04330669565802148
2020-03-03,SPY,275.94189453125,,-0.028632367669822467
2020-03-04,SPY,287.54058837890625,,0.04203310217667111
2020-03-05,SPY,277.9822998046875,,-0.03324152818948578
2020-03-06,SPY,273.3869323730469,,-0.016531151209517203
2020-03-09,SPY,252.03689575195312,,-0.0780945761956201
2020-03-10,SPY,265.0785217285156,,0.05174490797330589
2020-03-11,SPY,252.15638732910156,,-0.048748326779370244
2020-03-12,SPY,228.03074645996094,,-0.09567729425649285
2020-03-13,SPY,247.52423095703125,,0.08548621095924491
2020-03-16,SPY,220.439208984375,,-0.1094237193180414
2020-03-17,SPY,232.34120178222656,,0.0539921770391365
2020-03-18,SPY,220.5770721435547,,-0.05063298953621831
2020-03-19,SPY,221.0458221435547,,0.0021251075437929146
2020-03-20,SPY,211.52000427246094,,-0.043094313109918736
2020-03-23,SPY,206.11183166503906,,-0.02556813775616018
2020-03-24,SPY,224.78622436523438,,0.09060320579045578
2020-03-25,SPY,228.1513214111328,,0.014970210276012308
2020-03-26,SPY,241.47305297851562,,0.058389894413001464
2020-03-27,SPY,234.28060913085938,,-0.029785699724830916
2020-03-30,SPY,241.88900756835938,,0.03247557903202414
2020-03-31,SPY,238.28358459472656,,-0.014905278292209667
2020-04-01,SPY,227.5596466064453,,-0.045004938156023466
2020-04-02,SPY,232.81068420410156,,0.023075433961882164
2020-04-03,SPY,229.44558715820312,,-0.014454220850741994
2020-04-06,SPY,244.8565673828125,,0.06716616525722707
2020-04-07,SPY,245.1062469482422,,0.0010196972378500035
2020-04-08,SPY,253.3340301513672,,0.03356823135096354
2020-04-09,SPY,257.18914794921875,,0.015217528397381663
2020-04-13,SPY,254.8409423828125,,-0.009130266907178775
2020-04-14,SPY,262.35699462890625,,0.02949311117678821
2020-04-15,SPY,256.7823791503906,,-0.021248206042307705
2020-04-16,SPY,258.0211486816406,,0.004824199913361138
2020-04-17,SPY,264.99169921875,,0.02701542324234052
2020-04-20,SPY,260.3231201171875,,-0.017617831484255664
2020-04-21,SPY,252.41880798339844,,-0.030363465719951632
2020-04-22,SPY,258.0211486816406,,0.02219462465178368
2020-04-23,SPY,258.00262451171875,,-7.179322321648751e-05
2020-04-24,SPY,261.59893798828125,,0.013939057726132464
2020-04-27,SPY,265.37066650390625,,0.014417980992697865
2020-04-28,SPY,264.1504821777344,,-0.004598037689120038
2020-04-29,SPY,271.0655212402344,,0.026178407873763465
2020-04-30,SPY,268.5417785644531,,-0.009310452558606852
2020-05-01,SPY,261.43243408203125,,-0.026473886187938334
2020-05-04,SPY,262.153564453125,,0.002758381428937362
2020-05-05,SPY,264.5757141113281,,0.009239430572900886
2020-05-06,SPY,262.78216552734375,,-0.006778961515831683
2020-05-07,SPY,265.9531555175781,,0.012066990862454219
2020-05-08,SPY,270.3536071777344,,0.016545965215537306
2020-05-11,SPY,270.4090881347656,,0.00020521626328728892
2020-05-12,SPY,265.0195617675781,,-0.019931010471443522
2020-05-13,SPY,260.3323059082031,,-0.01768645238152544
2020-05-14,SPY,263.4479064941406,,0.011967783157254885
2020-05-15,SPY,264.6589050292969,,0.004596728633268432
2020-05-18,SPY,272.7203063964844,,0.03045958860252651
2020-05-19,SPY,269.919189453125,,-0.010271024480616009
2020-05-20,SPY,274.5045471191406,,0.016987890617580215
2020-05-21,SPY,272.60931396484375,,-0.006904195847343475
2020-05-22,SPY,273.1270751953125,,0.0018992793127219354
2020-05-26,SPY,276.49212646484375,,0.012320460236777686
2020-05-27,SPY,280.6060485839844,,0.014878984699275843
2020-05-28,SPY,280.0883483886719,,-0.0018449359802646947
2020-05-29,SPY,281.33642578125,,0.00445601325352607
2020-06-01,SPY,282.4736022949219,,0.0040420521818815836
2020-06-02,SPY,284.8123779296875,,0.008279625479211239
2020-06-03,SPY,288.6029052734375,,0.013308857470674118
2020-06-04,SPY,287.8447265625,,-0.0026270654143940586
2020-06-05,SPY,295.2220458984375,,0.025629510132212374
2020-06-08,SPY,298.79052734375,,0.012087449073976408
2020-06-09,SPY,296.5625,,-0.007456820547683263
2020-06-10,SPY,294.9076843261719,,-0.005579989627239157
2020-06-11,SPY,277.9065246582031,,-0.05764909011039954
2020-06-12,SPY,281.23468017578125,,0.011975809210206245
2020-06-15,SPY,283.8602600097656,,0.009335903496479503
2020-06-16,SPY,289.32391357421875,,0.019247687451090068
2020-06-17,SPY,288.12213134765625,,-0.004153760440041232
2020-06-18,SPY,288.2329406738281,,0.0003845915121256649
2020-06-19,SPY,286.5857849121094,,-0.005714668690775082
2020-06-22,SPY,288.4242858886719,,0.006415185516358779
2020-06-23,SPY,289.7521057128906,,0.004603703256567115
2020-06-24,SPY,282.36083984375,,-0.025508928920311202
2020-06-25,SPY,285.38800048828125,,0.010720894038303674
2020-06-26,SPY,278.60955810546875,,-0.02375167270948675
2020-06-29,SPY,282.704345703125,,0.014697225843580464
2020-06-30,SPY,286.32574462890625,,0.012809845270592923
2020-07-01,SPY,288.3314208984375,,0.007004875765295626
2020-07-02,SPY,289.919189453125,,0.005506748275092788
2020-07-06,SPY,294.3947448730469,,0.015437251422936615
2020-07-07,SPY,291.3584899902344,,-0.010313549870334282
2020-07-08,SPY,293.58697509765625,,0.007648601925059895
2020-07-09,SPY,291.91558837890625,,-0.005692986612209405
2020-07-10,SPY,294.896240234375,,0.010210663541543541
2020-07-13,SPY,292.34271240234375,,-0.008659072187566008
2020-07-14,SPY,296.1312255859375,,0.012959150417882537
2020-07-15,SPY,298.8518981933594,,0.009187388469549695
2020-07-16,SPY,297.8675537109375,,-0.003293753489178153
2020-07-17,SPY,298.73114013671875,,0.0028992295905425625
2020-07-20,SPY,301.1453552246094,,0.008081564870624947
2020-07-21,SPY,301.78607177734375,,0.0021275989870621625
2020-07-22,SPY,303.5038146972656,,0.005691922459526877
2020-07-23,SPY,299.8824157714844,,-0.011931971693316168
2020-07-24,SPY,297.9512023925781,,-0.006439902032728262
2020-07-27,SPY,300.1239318847656,,0.007292232670115917
2020-07-28,SPY,298.220458984375,,-0.006342289628277542
2020-07-29,SPY,301.8881530761719,,0.012298599848875602
2020-07-30,SPY,300.8110656738281,,-0.003567835939795816
2020-07-31,SPY,303.1880798339844,,0.007902017017996421
2020-08-03,SPY,305.29595947265625,,0.006952382955906611
2020-08-04,SPY,306.4751892089844,,0.00386257891642261
2020-08-05,SPY,308.3786926269531,,0.006210954377356748
2020-08-06,SPY,310.4400634765625,,0.00668454370841709
2020-08-07,SPY,310.662841796875,,0.0007176210371098168
2020-08-10,SPY,311.5914611816406,,0.002989154993221943
2020-08-11,SPY,309.0193176269531,,-0.008254858926278752
2020-08-12,SPY,313.3277893066406,,0.01394240241281186
2020-08-13,SPY,312.7614440917969,,-0.0018075167098871026
2020-08-14,SPY,312.7707214355469,,2.9662683573183912e-05
2020-08-17,SPY,313.7642822265625,,0.003176642578484934
2020-08-18,SPY,314.4421081542969,,0.0021603030240546772
2020-08-19,SPY,313.1328430175781,,-0.004163771653878823
2020-08-20,SPY,314.1078796386719,,0.003113811415300871
2020-08-21,SPY,315.2220764160156,,0.0035471786910454828
2020-08-24,SPY,318.4162292480469,,0.010133023893338367
2020-08-25,SPY,319.5304870605469,,0.0034993750636749255
2020-08-26,SPY,322.73394775390625,,0.01002552439621307
2020-08-27,SPY,323.4397277832031,,0.0021868788028307495
2020-08-28,SPY,325.5289001464844,,0.006459232381872404
2020-08-31,SPY,324.3496398925781,,-0.0036225977275000654
2020-09-01,SPY,327.4045715332031,,0.009418637374275285
2020-09-02,SPY,332.14013671875,,0.014463955598942091
2020-09-03,SPY,320.70977783203125,,-0.03441426561583483
2020-09-04,SPY,318.0912780761719,,-0.00816470197310537
2020-09-08,SPY,309.4001159667969,,-0.027322855759955078
2020-09-09,SPY,315.5099792480469,,0.019747449874600864
2020-09-10,SPY,310.0315246582031,,-0.017363807645325524
2020-09-11,SPY,310.1893310546875,,0.0005090011303152675
2020-09-14,SPY,314.27496337890625,,0.013171414730245523
2020-09-15,SPY,315.8627624511719,,0.005052260782069551
2020-09-16,SPY,314.60919189453125,,-0.003968719031368639
2020-09-17,SPY,311.8421325683594,,-0.008795227213512224
2020-09-18,SPY,308.2520446777344,,-0.011512517122226895
2020-09-21,SPY,304.8212585449219,,-0.011129808194457413
2020-09-22,SPY,307.9256896972656,,0.01018443125378754
2020-09-23,SPY,300.7846374511719,,-0.023190829752186004
2020-09-24,SPY,301.5863342285156,,0.0026653514758507857
2020-09-25,SPY,306.4620361328125,,0.016166852907209206
2020-09-28,SPY,311.5521545410156,,0.016609295142832048
2020-09-29,SPY,309.85546875,,-0.005445912558413313
2020-09-30,SPY,312.2047424316406,,0.007581837077518472
2020-10-01,SPY,314.2091064453125,,0.006420030644187724
2020-10-02,SPY,311.2259216308594,,-0.00949426593074365
2020-10-05,SPY,316.74493408203125,,0.017733138750948507
2020-10-06,SPY,312.2420959472656,,-0.014215975222509725
2020-10-07,SPY,317.6771545410156,,0.017406553005805847
2020-10-08,SPY,320.4925842285156,,0.00886255006774972
2020-10-09,SPY,323.35467529296875,,0.008930287954533211
2020-10-12,SPY,328.55670166015625,,0.016087679457469806
2020-10-13,SPY,326.41241455078125,,-0.006526383721714324
2020-10-14,SPY,324.3614807128906,,-0.0062832592954933375
2020-10-15,SPY,323.960693359375,,-0.0012356194472745718
2020-10-16,SPY,323.76483154296875,,-0.0006045851253595469
2020-10-19,SPY,318.8425598144531,,-0.01520323163284143
2020-10-20,SPY,320.1196594238281,,0.004005423899865246
2020-10-21,SPY,319.5137023925781,,-0.0018929078968178414
2020-10-22,SPY,321.266357421875,,0.005485382993507537
2020-10-23,SPY,322.3571472167969,,0.0033952817334355068
2020-10-26,SPY,316.4000244140625,,-0.018479884358599263
2020-10-27,SPY,315.3092041015625,,-0.0034475986988941054
2020-10-28,SPY,304.5323486328125,,-0.03417868977043481
2020-10-29,SPY,307.6273498535156,,0.01016312793894647
2020-10-30,SPY,304.4204406738281,,-0.010424655614055589
2020-11-02,SPY,307.83245849609375,,0.011208241518582573
2020-11-03,SPY,313.267578125,,0.017656096616514683
2020-11-04,SPY,320.2688903808594,,0.022349303741435067
2020-11-05,SPY,326.5150451660156,,0.019502845804749924
2020-11-06,SPY,326.4404602050781,,-0.00022842733295669326
2020-11-09,SPY,330.54241943359375,,0.012565719414617593
2020-11-10,SPY,330.0575866699219,,-0.0014667792548461733
2020-11-11,SPY,332.50946044921875,,0.007428624210807477
2020-11-12,SPY,329.2838439941406,,-0.00970082610798606
2020-11-13,SPY,333.84259033203125,,0.01384442759958704
2020-11-16,SPY,338.009765625,,0.01248245554536398
2020-11-17,SPY,336.1919250488281,,-0.005378071171436627
2020-11-18,SPY,332.1458740234375,,-0.01203494410165562
2020-11-19,SPY,333.5443115234375,,0.004210311219766449
2020-11-20,SPY,331.26019287109375,,-0.006848021607417709
2020-11-23,SPY,333.2458801269531,,0.005994343113336464
2020-11-24,SPY,338.61572265625,,0.016113755186564216
2020-11-25,SPY,338.0936584472656,,-0.0015417600957482458
2020-11-27,SPY,339.0352478027344,,0.0027849956127337094
2020-11-30,SPY,337.5342712402344,,-0.00442719915474199
2020-12-01,SPY,341.22601318359375,,0.010937384016723506
2020-12-02,SPY,341.9439392089844,,0.0021039604181769533
2020-12-03,SPY,341.8506774902344,,-0.00027273979169140095
2020-12-04,SPY,344.796630859375,,0.00861766134491515
2020-12-07,SPY,344.0881042480469,,-0.002054911643313284
2020-12-08,SPY,345.094970703125,,0.0029261879229405263
2020-12-09,SPY,341.9998779296875,,-0.008968814489331178
2020-12-10,SPY,341.88800048828125,,-0.0003271271384174268
2020-12-11,SPY,341.487060546875,,-0.0011727230579419157
2020-12-14,SPY,339.95819091796875,,-0.004477093880095651
2020-12-15,SPY,344.5542297363281,,0.013519423685450782
2020-12-16,SPY,345.094970703125,,0.0015693929144642293
2020-12-17,SPY,347.02471923828125,,0.005591934681703492
2020-12-18,SPY,345.6391296386719,,-0.003992769168290833
2020-12-21,SPY,344.40325927734375,,-0.0035756089382011913
2020-12-22,SPY,343.8228759765625,,-0.0016851852737952422
2020-12-23,SPY,344.1318054199219,,0.0008985133478449647
2020-12-24,SPY,345.4705505371094,,0.00389021036737347
2020-12-28,SPY,348.4384765625,,0.008590966786536036
2020-12-29,SPY,347.7737121582031,,-0.0019078386831875571
2020-12-30,SPY,348.2699279785156,,0.0014268353327602235
2020-12-31,SPY,350.0394592285156,,0.005080918873102247
2021-01-04,SPY,345.27398681640625,,-0.013614100600579215
2021-01-05,SPY,347.6519775390625,,0.006887257115957279
2021-01-06,SPY,349.7304382324219,,0.005978567152335135
2021-01-07,SPY,354.9265441894531,,0.01485745988622833
2021-01-08,SPY,356.9488525390625,,0.005697822219038917
2021-01-11,SPY,354.5426940917969,,-0.006740905399051034
2021-01-12,SPY,354.61761474609375,,0.0002113163112520411
2021-01-13,SPY,355.5726318359375,,0.002693089824450823
2021-01-14,SPY,354.327392578125,,-0.0035020672186802937
2021-01-15,SPY,351.7433166503906,,-0.007292904759443997
2021-01-19,SPY,354.5052185058594,,0.007852037905851317
2021-01-20,SPY,359.4111328125,,0.01383876470794343
2021-01-21,SPY,359.7388000488281,,0.0009116780378060074
2021-01-22,SPY,358.4655456542969,,-0.0035393857831249598
2021-01-25,SPY,359.8792724609375,,0.003943828978208108
2021-01-26,SPY,359.31756591796875,,-0.0015608193801428527
2021-01-27,SPY,350.53564453125,,-0.024440556821326287
2021-01-28,SPY,353.5502624511719,,0.008600032455909457
2021-01-29,SPY,346.4724426269531,,-0.0200192746998632
2021-02-01,SPY,352.2395324707031,,0.016645161733568115
2021-02-02,SPY,357.2203674316406,,0.014140476868114593
2021-02-03,SPY,357.50115966796875,,0.000786047666730072
2021-02-04,SPY,361.564453125,,0.011365818955119122
2021-02-05,SPY,362.987548828125,,0.003935939196525462
2021-02-08,SPY,365.6090087890625,,0.007221900501547918
2021-02-09,SPY,365.3655700683594,,-0.0006658444262886976
2021-02-10,SPY,365.2064208984375,,-0.0004355888539034902
2021-02-11,SPY,365.7962951660156,,0.001615180439946684
2021-02-12,SPY,367.6031494140625,,0.004939509426214572
2021-02-16,SPY,367.28485107421875,,-0.0008658748989258669
2021-02-17,SPY,367.3691711425781,,0.00022957676613333255
2021-02-18,SPY,365.8056640625,,-0.004255956141380524
2021-02-19,SPY,365.15966796875,,-0.0017659543227839247
2021-02-22,SPY,362.35089111328125,,-0.007691914255188559
2021-02-23,SPY,362.7909240722656,,0.0012143835430691308
2021-02-24,SPY,366.7886657714844,,0.011019409345594422
2021-02-25,SPY,357.95050048828125,,-0.024096069775257023
2021-02-26,SPY,356.1062316894531,,-0.005152301215705424
2021-03-01,SPY,364.73828125,,0.024240096893543228
2021-03-02,SPY,361.8921813964844,,-0.007803128982682317
2021-03-03,SPY,357.0986633300781,,-0.013245707735129342
2021-03-04,SPY,352.6796569824219,,-0.012374749057998069
2021-03-05,SPY,359.16778564453125,,0.01839666261905415
2021-03-08,SPY,357.3794860839844,,-0.00497900878648605
2021-03-09,SPY,362.48199462890625,,0.014277564168086565
2021-03-10,SPY,364.73828125,,0.006224548127979901
2021-03-11,SPY,368.43646240234375,,0.01013927339809162
2021-03-12,SPY,368.93255615234375,,0.0013464838598364892
2021-03-15,SPY,371.1327209472656,,0.0059635962135402565
2021-03-16,SPY,370.66473388671875,,-0.001260969551141744
2021-03-17,SPY,371.9285888671875,,0.0034096984820115583
2021-03-18,SPY,366.5172119140625,,-0.014549505241333693
2021-03-19,SPY,365.8389587402344,,-0.0018505356686691066
2021-03-22,SPY,368.7602844238281,,0.007985277712503125
2021-03-23,SPY,365.8576965332031,,-0.00787120526051266
2021-03-24,SPY,363.99798583984375,,-0.0050831531247849115
2021-03-25,SPY,366.04559326171875,,0.005625326242260975
2021-03-26,SPY,371.94439697265625,,0.01611494256323387
2021-03-29,SPY,371.7565612792969,,-0.0005050101436887555
2021-03-30,SPY,370.770263671875,,-0.002653073839578801
2021-03-31,SPY,372.2731628417969,,0.00405345119923628
2021-04-01,SPY,376.29339599609375,,0.010799148462940167
2021-04-05,SPY,381.69427490234375,,0.014352840001226275
2021-04-06,SPY,381.4689636230469,,-0.0005902925302050388
2021-04-07,SPY,381.9104309082031,,0.0011572823145646893
2021-04-08,SPY,383.7232666015625,,0.004746756167534727
2021-04-09,SPY,386.5130310058594,,0.007270250847712045
2021-04-12,SPY,386.6539001464844,,0.0003644615558198172
2021-04-13,SPY,387.7998352050781,,0.002963723004370644
2021-04-14,SPY,386.4754333496094,,-0.0034151686907457623
2021-04-15,SPY,390.6271057128906,,0.010742396553639733
2021-04-16,SPY,391.9327697753906,,0.0033424819819329876
2021-04-19,SPY,390.0072326660156,,-0.004912927057562633
2021-04-20,SPY,387.1517639160156,,-0.007321578962729891
2021-04-21,SPY,390.8150634765625,,0.009462179697937723
2021-04-22,SPY,387.24560546875,,-0.009133368545367171
2021-04-23,SPY,391.4443054199219,,0.010842472817966353
2021-04-26,SPY,392.261474609375,,0.002087574600367459
2021-04-27,SPY,392.1769714355469,,-0.00021542562626697404
2021-04-28,SPY,392.0642395019531,,-0.00028745169095756307
2021-04-29,SPY,394.5627746582031,,0.006372769828291158
2021-04-30,SPY,391.9703063964844,,-0.006570483654887438
2021-05-03,SPY,392.81573486328125,,0.0021568686530599734
2021-05-04,SPY,390.3923645019531,,-0.006169229351699945
2021-05-05,SPY,390.5143737792969,,0.00031252987619101447
2021-05-06,SPY,393.6328125,,0.007985464633538886
2021-05-07,SPY,396.4977722167969,,0.007278254316760879
2021-05-10,SPY,392.571533203125,,-0.009902297790276293
2021-05-11,SPY,389.0679016113281,,-0.008924823364571455
2021-05-12,SPY,380.8020935058594,,-0.021245155591699594
2021-05-13,SPY,385.3764343261719,,0.012012383593269504
2021-05-14,SPY,391.29400634765625,,0.015355303268169918
2021-05-17,SPY,390.29840087890625,,-0.0025443923305725757
2021-05-18,SPY,386.9356689453125,,-0.008615797364327604
2021-05-19,SPY,385.9211730957031,,-0.002621872138008463
2021-05-20,SPY,390.0729064941406,,0.010757982945413413
2021-05-21,SPY,389.7535400390625,,-0.0008187352922008895
2021-05-24,SPY,393.72686767578125,,0.0101944619574732
2021-05-25,SPY,392.8532409667969,,-0.0022188648545665712
2021-05-26,SPY,393.6328125,,0.001984383611764562
2021-05-27,SPY,393.8395690917969,,0.0005252524312790996
2021-05-28,SPY,394.54400634765625,,0.0017886401244135985
2021-06-01,SPY,394.19647216796875,,-0.0008808502324104683
2021-06-02,SPY,394.8164367675781,,0.001572729954176788
2021-06-03,SPY,393.3511047363281,,-0.003711426107906979
2021-06-04,SPY,396.9486999511719,,0.009146015281322972
2021-06-07,SPY,396.56353759765625,,-0.0009703076331097904
2021-06-08,SPY,396.6480407714844,,0.00021308861207969265
2021-06-09,SPY,396.0563049316406,,-0.0014918410757628342
2021-06-10,SPY,397.8973083496094,,0.004648337610195341
2021-06-11,SPY,398.55487060546875,,0.0016525928727360029
2021-06-14,SPY,399.44720458984375,,0.0022389237974169696
2021-06-15,SPY,398.7145080566406,,-0.0018342762817816771
2021-06-16,SPY,396.4884033203125,,-0.0055832047526394035
2021-06-17,SPY,396.3569030761719,,-0.0003316622706727168
2021-06-18,SPY,391.00982666015625,,-0.013490559580308426
2021-06-21,SPY,396.6075134277344,,0.014315974653095642
2021-06-22,SPY,398.72784423828125,,0.005346169043096705
2021-06-23,SPY,398.24725341796875,,-0.0012053104072292653
2021-06-24,SPY,400.603271484375,,0.005915968148394457
2021-06-25,SPY,402.02618408203125,,0.0035519245571407065
2021-06-28,SPY,402.8367004394531,,0.0020160785280007865
2021-06-29,SPY,403.05340576171875,,0.0005379483101446425
2021-06-30,SPY,403.3927001953125,,0.000841810114350805
2021-07-01,SPY,405.62603759765625,,0.005536385267414179
2021-07-02,SPY,408.7264709472656,,0.007643575762472876
2021-07-06,SPY,407.98199462890625,,-0.0018214536402155757
2021-07-07,SPY,409.423828125,,0.003534061588686521
2021-07-08,SPY,406.0877685546875,,-0.008148181276088295
2021-07-09,SPY,410.4227294921875,,0.010674935994572365
2021-07-12,SPY,411.8928527832031,,0.003581973378605552
2021-07-13,SPY,410.4886779785156,,-0.0034090778589610515
2021-07-14,SPY,411.10125732421875,,0.001492317275886501
2021-07-15,SPY,409.6971130371094,,-0.0034155679704038766
2021-07-16,SPY,406.483642578125,,-0.007843527222251345
2021-07-19,SPY,400.480712890625,,-0.014767948962045252
2021-07-20,SPY,406.2197570800781,,0.01433038846747281
2021-07-21,SPY,409.5086975097656,,0.008096456098857674
2021-07-22,SPY,410.3662414550781,,0.0020940799317017422
2021-07-23,SPY,414.5880126953125,,0.010287813211108165
2021-07-26,SPY,415.60577392578125,,0.0024548737525045272
2021-07-27,SPY,413.7116394042969,,-0.004557526965019099
2021-07-28,SPY,413.54193115234375,,-0.000410209033996467
2021-07-29,SPY,415.257080078125,,0.00414746074479555
2021-07-30,SPY,413.240478515625,,-0.0048562725580033606
2021-08-02,SPY,412.3734436035156,,-0.002098136453678956
2021-08-03,SPY,415.7283020019531,,0.008135486051480845
2021-08-04,SPY,413.68341064453125,,-0.0049188168031251145
2021-08-05,SPY,416.30316162109375,,0.006332743612998293
2021-08-06,SPY,416.9910583496094,,0.001652393716725431
2021-08-09,SPY,416.6518249511719,,-0.0008135267930687862
2021-08-10,SPY,417.1700744628906,,0.0012438431339631961
2021-08-11,SPY,418.2068176269531,,0.0024851810509114447
2021-08-12,SPY,419.4600830078125,,0.002996759804086535
2021-08-13,SPY,420.2234191894531,,0.0018198064906844724
2021-08-16,SPY,421.2129821777344,,0.0023548496896959037
2021-08-17,SPY,418.4517517089844,,-0.006555425842940554
2021-08-18,SPY,413.871826171875,,-0.010944930970905653
2021-08-19,SPY,414.5126037597656,,0.001548251287886604
2021-08-20,SPY,417.81097412109375,,0.007957225742741825
2021-08-23,SPY,421.4862060546875,,0.008796398757416446
2021-08-24,SPY,422.1552734375,,0.0015874004254499141
2021-08-25,SPY,423.04107666015625,,0.0020982877116360044
2021-08-26,SPY,420.5438232421875,,-0.0059030991450857995
2021-08-27,SPY,424.303955078125,,0.008941117734053705
2021-08-30,SPY,426.1698303222656,,0.004397496704448667
2021-08-31,SPY,425.53839111328125,,-0.0014816609812733361
2021-09-01,SPY,425.7646179199219,,0.0005316249047442323
2021-09-02,SPY,427.0745544433594,,0.003076668347494982
2021-09-03,SPY,426.9708251953125,,-0.00024288323190335692
2021-09-07,SPY,425.4441833496094,,-0.0035755179408447635
2021-09-08,SPY,424.9259338378906,,-0.0012181374948846413
2021-09-09,SPY,423.1070861816406,,-0.00428038750146964
2021-09-10,SPY,419.7711486816406,,-0.007884381067935764
2021-09-13,SPY,420.84539794921875,,0.002559130781026653
2021-09-14,SPY,418.57440185546875,,-0.005396271658943075
2021-09-15,SPY,422.07049560546875,,0.008352383075750591
2021-09-16,SPY,421.4013977050781,,-0.001585275226193672
2021-09-17,SPY,417.2965087890625,,-0.009741042479618156
2021-09-20,SPY,410.33843994140625,,-0.016674160222062806
2021-09-21,SPY,409.9508361816406,,-0.0009445952950958292
2021-09-22,SPY,413.9498596191406,,0.009754885426622506
2021-09-23,SPY,418.9793395996094,,0.012149973876295572
2021-09-24,SPY,419.6695251464844,,0.0016473021021383705
2021-09-27,SPY,418.4687805175781,,-0.0028611670778028175
2021-09-28,SPY,410.035888671875,,-0.020151782494438386
2021-09-29,SPY,410.72607421875,,0.0016832320436890313
2021-09-30,SPY,405.7060241699219,,-0.012222379741478218
2021-10-01,SPY,410.52740478515625,,0.011883926606953699
2021-10-04,SPY,405.2333068847656,,-0.012895845292377528
2021-10-05,SPY,409.4497985839844,,0.010405096589007012
2021-10-06,SPY,411.1514587402344,,0.004155967745337552
2021-10-07,SPY,414.7061767578125,,0.008645762874026408
2021-10-08,SPY,413.9498596191406,,-0.0018237421602561588
2021-10-11,SPY,410.9530029296875,,-0.007239661084099458
2021-10-12,SPY,409.94134521484375,,-0.002461735788841124
2021-10-13,SPY,411.4161376953125,,0.0035975695003289676
2021-10-14,SPY,418.33648681640625,,0.016820801342068092
2021-10-15,SPY,421.52239990234375,,0.007615671083779141
2021-10-18,SPY,422.77032470703125,,0.0029605183614835884
2021-10-19,SPY,426.0320129394531,,0.007715035899650946
2021-10-20,SPY,427.705322265625,,0.003927661009853978
2021-10-21,SPY,428.8208312988281,,0.0026081252094176666
2021-10-22,SPY,428.37652587890625,,-0.0010361096931231772
2021-10-25,SPY,430.673828125,,0.005362810768821502
2021-10-26,SPY,431.0614929199219,,0.0009001354844562215
2021-10-27,SPY,429.1517028808594,,-0.004430435263716004
2021-10-28,SPY,433.2925720214844,,0.009648963554909962
2021-10-29,SPY,434.1717834472656,,0.002029140314313116
2021-11-01,SPY,434.9186706542969,,0.0017202573624224282
2021-11-02,SPY,436.6770324707031,,0.004042966961526284
2021-11-03,SPY,439.3430480957031,,0.006105234364893741
2021-11-04,SPY,441.41351318359375,,0.004712638783895384
2021-11-05,SPY,442.94500732421875,,0.0034695225562522136
2021-11-08,SPY,443.32318115234375,,0.0008537715108463129
2021-11-09,SPY,441.8577880859375,,-0.003305473588358754
2021-11-10,SPY,438.30316162109375,,-0.00804472968608716
2021-11-11,SPY,438.4449768066406,,0.0003235550138911414
2021-11-12,SPY,441.7537841796875,,0.00754668783560053
2021-11-15,SPY,441.9050598144531,,0.00034244332518063025
2021-11-16,SPY,443.654052734375,,0.003957847689402438
2021-11-17,SPY,442.5763854980469,,-0.0024290710964683937
2021-11-18,SPY,444.0796203613281,,0.0033965546118996937
2021-11-19,SPY,443.285400390625,,-0.0017884630014251002
2021-11-22,SPY,442.0374755859375,,-0.002815172355299378
2021-11-23,SPY,442.6236572265625,,0.001326090372423705
2021-11-24,SPY,443.8053283691406,,0.0026696972095490157
2021-11-26,SPY,433.9070129394531,,-0.02230328208555088
2021-11-29,SPY,439.2296447753906,,0.012266756879267593
2021-11-30,SPY,430.68328857421875,,-0.01945760333536284
2021-12-01,SPY,425.89959716796875,,-0.01110721389280378
2021-12-02,SPY,432.4227600097656,,0.01531619866553724
2021-12-03,SPY,428.66015625,,-0.00870121581870631
2021-12-06,SPY,433.7369384765625,,0.011843373246944955
2021-12-07,SPY,442.7086486816406,,0.020684680987950843
2021-12-08,SPY,443.8809814453125,,0.0026480909446042755
2021-12-09,SPY,440.8840637207031,,-0.006751624534241496
2021-12-10,SPY,445.0343322753906,,0.00941351456358519
2021-12-13,SPY,441.0920715332031,,-0.008858329473214632
2021-12-14,SPY,438.0573425292969,,-0.006880035257395889
2021-12-15,SPY,444.9019775390625,,0.015624974963883487
2021-12-16,SPY,440.9786682128906,,-0.008818367919768089
2021-12-17,SPY,436.2853088378906,,-0.010643053084677057
2021-12-20,SPY,431.6461181640625,,-0.010633387326713484
2021-12-21,SPY,439.31170654296875,,0.01775896517154063
2021-12-22,SPY,443.70428466796875,,0.009998773216325363
2021-12-23,SPY,446.46502685546875,,0.006222031841693676
2021-12-27,SPY,452.7835388183594,,0.014152311116937932
2021-12-28,SPY,452.41351318359375,,-0.0008172241325983265
2021-12-29,SPY,452.9921875,,0.0012790827407744843
2021-12-30,SPY,451.7398376464844,,-0.002764616892020122
2021-12-31,SPY,450.6014404296875,,-0.002520028392288376
2022-01-03,SPY,453.2104187011719,,0.005789990970726855
2022-01-04,SPY,453.0585632324219,,-0.0003350661469460059
2022-01-05,SPY,444.3588562011719,,-0.01920216885247794
2022-01-06,SPY,443.9414367675781,,-0.0009393746242896128
2022-01-07,SPY,442.1863098144531,,-0.0039535100978732585
2022-01-10,SPY,441.6360778808594,,-0.0012443441178100478
2022-01-11,SPY,445.6586608886719,,0.009108365935850182
2022-01-12,SPY,446.86346435546875,,0.0027034220862989233
2022-01-13,SPY,440.706298828125,,-0.013778628190658893
2022-01-14,SPY,440.8866271972656,,0.0004091803761827606
2022-01-18,SPY,433.07861328125,,-0.017709799831424844
2022-01-19,SPY,428.5817565917969,,-0.010383465152856153
2022-01-20,SPY,423.83819580078125,,-0.011068041786794103
2022-01-21,SPY,415.51800537109375,,-0.019630581934617086
2022-01-24,SPY,417.2825622558594,,0.004246643615815726
2022-01-25,SPY,412.18798828125,,-0.012208930914984206
2022-01-26,SPY,411.1539001464844,,-0.002508777946387042
2022-01-27,SPY,409.1236267089844,,-0.004937989003087839
2022-01-28,SPY,419.2843933105469,,0.024835443221151277
2022-01-31,SPY,426.83612060546875,,0.018010990667445714
2022-02-01,SPY,429.7202453613281,,0.006756983808606121
2022-02-02,SPY,433.8946228027344,,0.0097141744808793
2022-02-03,SPY,423.6959228515625,,-0.023505015769251902
2022-02-04,SPY,425.688232421875,,0.004702215581646074
2022-02-07,SPY,424.322021484375,,-0.0032094167361103043
2022-02-08,SPY,427.81329345703125,,0.008227883060235586
2022-02-09,SPY,434.0748291015625,,0.014636140906080009
2022-02-10,SPY,426.2763977050781,,-0.017965638350017632
2022-02-11,SPY,417.8708190917969,,-0.019718611348256476
2022-02-14,SPY,416.504638671875,,-0.0032693845980705794
2022-02-15,SPY,423.2215576171875,,0.01612687668192847
2022-02-16,SPY,423.6959228515625,,0.00112084374209509
2022-02-17,SPY,414.64508056640625,,-0.02136164592815093
2022-02-18,SPY,411.9602966308594,,-0.006474896390617824
2022-02-22,SPY,407.539306640625,,-0.010731592404390922
2022-02-23,SPY,400.3100891113281,,-0.017738700075062286
2022-02-24,SPY,406.33441162109375,,0.015049139838417158
2022-02-25,SPY,415.29974365234375,,0.0220639251189243
2022-02-28,SPY,414.2371826171875,,-0.002558540069906079
2022-03-01,SPY,407.9283142089844,,-0.015230087189042618
2022-03-02,SPY,415.4325866699219,,0.018396056854962595
2022-03-03,SPY,413.3643493652344,,-0.004978514856685545
2022-03-04,SPY,410.0059509277344,,-0.00812454785386596
2022-03-07,SPY,397.9193115234375,,-0.029479180428840235
2022-03-08,SPY,394.9024353027344,,-0.007581628067140023
2022-03-09,SPY,405.4900207519531,,0.026810636002034816
2022-03-10,SPY,403.6590576171875,,-0.004515433280873893
2022-03-11,SPY,398.5265197753906,,-0.01271503201760027
2022-03-14,SPY,395.6139221191406,,-0.00730841615732758
2022-03-15,SPY,404.3136291503906,,0.021990396557960423
2022-03-16,SPY,413.2789611816406,,0.022174201869200827
2022-03-17,SPY,418.449462890625,,0.012510924084305985
2022-03-18,SPY,423.03271484375,,0.010952940222372698
2022-03-21,SPY,422.9089660644531,,-0.0002925276815590738
2022-03-22,SPY,427.8576354980469,,0.011701500395334685
2022-03-23,SPY,422.3475036621094,,-0.012878423519363968
2022-03-24,SPY,428.714111328125,,0.015074334785482923
2022-03-25,SPY,430.8077697753906,,0.004883577171695297
2022-03-28,SPY,433.87213134765625,,0.007113060133208116
2022-03-29,SPY,439.2394714355469,,0.012370787842996611
2022-03-30,SPY,436.5272521972656,,-0.006174807626958101
2022-03-31,SPY,429.80853271484375,,-0.015391294469252803
2022-04-01,SPY,431.02667236328125,,0.0028341448708411043
2022-04-04,SPY,434.7190856933594,,0.00856655415274643
2022-04-05,SPY,429.22802734375,,-0.012631279670758833
2022-04-06,SPY,424.9360656738281,,-0.009999257729003452
2022-04-07,SPY,427.0773010253906,,0.005038958856474318
2022-04-08,SPY,425.935302734375,,-0.00267398498649718
2022-04-11,SPY,418.655029296875,,-0.017092439604707188
2022-04-12,SPY,417.1038513183594,,-0.0037051459315341484
2022-04-13,SPY,421.8811950683594,,0.011453607380751851
2022-04-14,SPY,416.6280212402344,,-0.012451784743033656
2022-04-18,SPY,416.79931640625,,0.00041114653187679373
2022-04-19,SPY,423.527587890625,,0.01614271237867637
2022-04-20,SPY,423.2135314941406,,-0.0007415252405363892
2022-04-21,SPY,416.8849182128906,,-0.014953712039657785
2022-04-22,SPY,405.4460144042969,,-0.02743899649243786
2022-04-25,SPY,407.79656982421875,,0.00579745597789505
2022-04-26,SPY,395.9864501953125,,-0.028960811597794955
2022-04-27,SPY,397.0998840332031,,0.002811797821216988
2022-04-28,SPY,407.13043212890625,,0.02525950900268814
2022-04-29,SPY,392.08465576171875,,-0.03695566624315538
2022-05-02,SPY,394.44476318359375,,0.006019382261440276
2022-05-03,SPY,396.2529296875,,0.004584080390147349
2022-05-04,SPY,408.32000732421875,,0.030452967619028826
2022-05-05,SPY,393.8070983886719,,-0.03554297775083837
2022-05-06,SPY,391.45654296875,,-0.005968799012358028
2022-05-09,SPY,378.9231872558594,,-0.03201723393825395
2022-05-10,SPY,379.7987060546875,,0.0023105442693243106
2022-05-11,SPY,373.7651672363281,,-0.015886148957786617
2022-05-12,SPY,373.375,,-0.0010438833538530812
2022-05-13,SPY,382.3016052246094,,0.023907881418438137
2022-05-16,SPY,380.7503356933594,,-0.004057711267883901
2022-05-17,SPY,388.58258056640625,,0.020570552771238093
2022-05-18,SPY,372.91815185546875,,-0.0403117110605028
2022-05-19,SPY,370.6341552734375,,-0.006124659179680969
2022-05-20,SPY,370.7960205078125,,0.00043672508880243655
2022-05-23,SPY,377.7336120605469,,0.018709994630560445
2022-05-24,SPY,374.8501281738281,,-0.007633643908439236
2022-05-25,SPY,378.1617736816406,,0.00883458550206706
2022-05-26,SPY,385.7180480957031,,0.019981592376451696
2022-05-27,SPY,395.18707275390625,,0.02454908372826181
2022-05-31,SPY,392.9697265625,,-0.0056108773395708855
2022-06-01,SPY,389.7911682128906,,-0.008088557806764873
2022-06-02,SPY,397.21417236328125,,0.01904354114646445
2022-06-03,SPY,390.69525146484375,,-0.01641160198200453
2022-06-06,SPY,391.8847961425781,,0.003044686807107011
2022-06-07,SPY,395.6438293457031,,0.009592189439667331
2022-06-08,SPY,391.3423156738281,,-0.010872186933860828
2022-06-09,SPY,382.03509521484375,,-0.023782811329663756
2022-06-10,SPY,370.9577331542969,,-0.028995666103181827
2022-06-13,SPY,356.8731994628906,,-0.037968028248511865
2022-06-14,SPY,355.7978210449219,,-0.0030133347631238205
2022-06-15,SPY,360.87017822265625,,0.014256290729486976
2022-06-16,SPY,348.9268493652344,,-0.033095915312937985
2022-06-17,SPY,349.67901611328125,,0.0021556574090391134
2022-06-21,SPY,358.481689453125,,0.025173581868555894
2022-06-22,SPY,357.8317565917969,,-0.0018130155052539232
2022-06-23,SPY,361.33935546875,,0.00980236888520336
2022-06-24,SPY,372.82781982421875,,0.031794113155942494
2022-06-27,SPY,371.4036865234375,,-0.0038198150058992297
2022-06-28,SPY,363.8148498535156,,-0.020432852298688742
2022-06-29,SPY,363.5185241699219,,-0.000814495845106511
2022-06-30,SPY,360.5652160644531,,-0.008124230016097522
2022-07-01,SPY,364.3787536621094,,0.01057655433122684
2022-07-05,SPY,365.06695556640625,,0.0018886993200899482
2022-07-06,SPY,366.2999267578125,,0.0033773837171684473
2022-07-07,SPY,371.78607177734375,,0.014977193875221673
2022-07-08,SPY,371.4801940917969,,-0.0008227249721448615
2022-07-11,SPY,367.2366027832031,,-0.011423465843094505
2022-07-12,SPY,363.9869079589844,,-0.008849049358342964
2022-07-13,SPY,362.07537841796875,,-0.005251643669642703
2022-07-14,SPY,361.196044921875,,-0.002428592355370518
2022-07-15,SPY,368.0967102050781,,0.019105041099483078
2022-07-18,SPY,365.057373046875,,-0.008256898456141637
2022-07-19,SPY,374.92095947265625,,0.027019277390446517
2022-07-20,SPY,377.31036376953125,,0.0063730880776464716
2022-07-21,SPY,381.152587890625,,0.01018319264466494
2022-07-22,SPY,377.6162414550781,,-0.00927803338583566
2022-07-25,SPY,378.07501220703125,,0.0012149126589082737
2022-07-26,SPY,373.60198974609375,,-0.011831044942182234
2022-07-27,SPY,383.3031005859375,,0.02596643247654229
2022-07-28,SPY,388.110595703125,,0.0125422807951161
2022-07-29,SPY,393.768798828125,,0.01457884218478811
2022-08-01,SPY,392.602783203125,,-0.002961168148594151
2022-08-02,SPY,390.0126037597656,,-0.006597455632450955
2022-08-03,SPY,396.1199951171875,,0.015659471767183852
2022-08-04,SPY,395.8524169921875,,-0.000675497647930734
2022-08-05,SPY,395.183349609375,,-0.0016901940068884125
2022-08-08,SPY,394.72454833984375,,-0.0011609833004977421
2022-08-09,SPY,393.1571044921875,,-0.003970981420458153
2022-08-10,SPY,401.41497802734375,,0.021004004355516637
2022-08-11,SPY,401.41497802734375,,0.0
2022-08-12,SPY,408.2106018066406,,0.016929173427190802
2022-08-15,SPY,409.89263916015625,,0.004120513641907797
2022-08-16,SPY,410.69549560546875,,0.0019586993485842807
2022-08-17,SPY,407.78045654296875,,-0.007097811136697496
2022-08-18,SPY,408.96563720703125,,0.002906418503010322
2022-08-19,SPY,403.46990966796875,,-0.013438115672981032
2022-08-22,SPY,395.06866455078125,,-0.020822482459971314
2022-08-23,SPY,394.1128845214844,,-0.0024192757235850237
2022-08-24,SPY,395.37445068359375,,0.0032010274509068903
2022-08-25,SPY,400.95623779296875,,0.014117723337267352
2022-08-26,SPY,387.3842468261719,,-0.03384905804559324
2022-08-29,SPY,384.8227844238281,,-0.00661220073694202
2022-08-30,SPY,380.59820556640625,,-0.010977985265989587
2022-08-31,SPY,377.7022399902344,,-0.0076089837887231004
2022-09-01,SPY,378.887451171875,,0.0031379511587521502
2022-09-02,SPY,374.89227294921875,,-0.010544498663915713
2022-09-06,SPY,373.4777526855469,,-0.0037731379538555876
2022-09-07,SPY,380.1872863769531,,0.01796501570216802
2022-09-08,SPY,382.67230224609375,,0.006536293974535257
2022-09-09,SPY,388.61712646484375,,0.015535026140791608
2022-09-12,SPY,392.7939758300781,,0.01074798067504168
2022-09-13,SPY,375.7142333984375,,-0.0434826995387253
2022-09-14,SPY,377.1479797363281,,0.003816055423085718
2022-09-15,SPY,372.8660583496094,,-0.011353425225059777
2022-09-16,SPY,370.02154541015625,,-0.007628779492677817
2022-09-19,SPY,372.8910217285156,,0.0077548898272359335
2022-09-20,SPY,368.6107177734375,,-0.011478699420643057
2022-09-21,SPY,362.1807861328125,,-0.01744369148966818
2022-09-22,SPY,359.1385498046875,,-0.00839977283336446
2022-09-23,SPY,353.1212158203125,,-0.016754909735107626
2022-09-26,SPY,349.6278076171875,,-0.00989294340474478
2022-09-27,SPY,348.7353820800781,,-0.0025525015964591447
2022-09-28,SPY,355.59722900390625,,0.01967637147369361
2022-09-29,SPY,348.1691589355469,,-0.02088899873929495
2022-09-30,SPY,342.7851867675781,,-0.015463667673578874
2022-10-03,SPY,351.8351745605469,,0.026401338629329363
2022-10-04,SPY,362.7373352050781,,0.03098655686756846
2022-10-05,SPY,361.89288330078125,,-0.0023279983126618387
2022-10-06,SPY,358.15966796875,,-0.010315802007436647
2022-10-07,SPY,348.1691589355469,,-0.027894009087798266
2022-10-10,SPY,345.5107421875,,-0.007635417094881136
2022-10-11,SPY,343.32269287109375,,-0.006332796782390182
2022-10-12,SPY,342.1902160644531,,-0.0032985783641916733
2022-10-13,SPY,351.22100830078125,,0.02639114683111554
2022-10-14,SPY,343.2171325683594,,-0.022788715775132307
2022-10-17,SPY,352.0367126464844,,0.025696794364915343
2022-10-18,SPY,356.173095703125,,0.011749862750236373
2022-10-19,SPY,353.6490173339844,,-0.007086662074118233
2022-10-20,SPY,350.68359375,,-0.00838521652439328
2022-10-21,SPY,359.2056884765625,,0.02430137844611524
2022-10-24,SPY,363.6011047363281,,0.012236488454309136
2022-10-25,SPY,369.40728759765625,,0.015968551210917115
2022-10-26,SPY,366.6241760253906,,-0.007533992061620864
2022-10-27,SPY,364.6663513183594,,-0.005340140762827517
2022-10-28,SPY,373.3420104980469,,0.023790676458968152
2022-10-31,SPY,370.645263671875,,-0.007223261112710988
2022-11-01,SPY,369.0234069824219,,-0.004375765316372515
2022-11-02,SPY,359.76226806640625,,-0.025096345491322114
2022-11-03,SPY,356.0578918457031,,-0.010296733564119531
2022-11-04,SPY,361.1826171875,,0.014392955356871129
2022-11-07,SPY,364.6375732421875,,0.009565676448083149
2022-11-08,SPY,366.6050109863281,,0.005395597954009679
2022-11-09,SPY,359.0521545410156,,-0.020602163688357655
2022-11-10,SPY,378.7835388183594,,0.054954089615662616
2022-11-11,SPY,382.4496154785156,,0.009678553275025648
2022-11-14,SPY,379.19622802734375,,-0.008506708647363359
2022-11-15,SPY,382.43035888671875,,0.008528910944604062
2022-11-16,SPY,379.51287841796875,,-0.007628788878694115
2022-11-17,SPY,378.3516540527344,,-0.003059775916103402
2022-11-18,SPY,380.0695495605469,,0.0045404731006490895
2022-11-21,SPY,378.6875915527344,,-0.003636066107927882
2022-11-22,SPY,383.7835693359375,,0.013456944185332498
2022-11-23,SPY,386.20196533203125,,0.006301457877100569
2022-11-25,SPY,386.1156311035156,,-0.00022354683887071403
2022-11-28,SPY,379.954345703125,,-0.015957099128004026
2022-11-29,SPY,379.3017883300781,,-0.0017174625857727666
2022-11-30,SPY,391.25,,0.031500541356594525
2022-12-01,SPY,390.9621276855469,,-0.0007357758835863093
2022-12-02,SPY,390.5110778808594,,-0.0011536918098887794
2022-12-05,SPY,383.486083984375,,-0.01798923076550374
2022-12-06,SPY,377.9581604003906,,-0.014414926159901031
2022-12-07,SPY,377.3152160644531,,-0.001701099230815406
2022-12-08,SPY,380.2711181640625,,0.007834038951411992
2022-12-09,SPY,377.4303894042969,,-0.007470272192851679
2022-12-12,SPY,382.8718566894531,,0.01441714138001604
2022-12-13,SPY,385.7701416015625,,0.007569856236417483
2022-12-14,SPY,383.3037109375,,-0.006393524013607821
2022-12-15,SPY,373.9274597167969,,-0.024461676089099993
2022-12-16,SPY,369.5127868652344,,-0.011806228017878229
2022-12-19,SPY,366.37945556640625,,-0.008479628879448975
2022-12-20,SPY,366.8808288574219,,0.0013684536165941008
2022-12-21,SPY,372.3666076660156,,0.014952481506537607
2022-12-22,SPY,367.05438232421875,,-0.014266116328458534
2022-12-23,SPY,369.165771484375,,0.0057522516058432505
2022-12-27,SPY,367.7099304199219,,-0.003943597096229601
2022-12-28,SPY,363.14007568359375,,-0.012427879581901391
2022-12-29,SPY,369.6767578125,,0.01800044271236456
2022-12-30,SPY,368.7029724121094,,-0.0026341537026910444
2023-01-03,SPY,367.1507263183594,,-0.004210017846059011
2023-01-04,SPY,369.9852294921875,,0.0077202711873987084
2023-01-05,SPY,365.76251220703125,,-0.011413205037811958
2023-01-06,SPY,374.1501770019531,,0.02293199689686687
2023-01-09,SPY,373.93804931640625,,-0.0005669586668289872
2023-01-10,SPY,376.5604553222656,,0.0070129424129301565
2023-01-11,SPY,381.32305908203125,,0.012647647123991579
2023-01-12,SPY,382.71142578125,,0.0036409198608680082
2023-01-13,SPY,384.1961364746094,,0.003879452227820268
2023-01-17,SPY,383.4923400878906,,-0.0018318674236987853
2023-01-18,SPY,377.4377746582031,,-0.01578796965879392
2023-01-19,SPY,374.6900939941406,,-0.007279824247985567
2023-01-20,SPY,381.6701965332031,,0.01862900207650453
2023-01-23,SPY,386.249755859375,,0.011998734425084923
2023-01-24,SPY,385.8351135253906,,-0.0010735083393433875
2023-01-25,SPY,385.97979736328125,,0.0003749887784152417
2023-01-26,SPY,390.2218322753906,,0.010990302966859211
2023-01-27,SPY,391.118408203125,,0.0022976057554402463
2023-01-30,SPY,386.2110900878906,,-0.012546886089508158
2023-01-31,SPY,391.8897705078125,,0.014703566432102022
2023-02-01,SPY,396.0546569824219,,0.010627698878724168
2023-02-02,SPY,401.82000732421875,,0.014556956319422332
2023-02-03,SPY,397.5489807128906,,-0.010629203457960035
2023-02-06,SPY,395.11944580078125,,-0.006111284470539213
2023-02-07,SPY,400.287109375,,0.013078737655509487
2023-02-08,SPY,395.9100036621094,,-0.010934915490346309
2023-02-09,SPY,392.4777526855469,,-0.008669270654478756
2023-02-10,SPY,393.393798828125,,0.002334007816519712
2023-02-13,SPY,398.0117492675781,,0.01173874741597225
2023-02-14,SPY,397.82867431640625,,-0.00045997373572204125
2023-02-15,SPY,399.12054443359375,,0.003247302672205077
2023-02-16,SPY,393.6251220703125,,-0.01376882859057027
2023-02-17,SPY,392.6417236328125,,-0.002498312181721807
2023-02-21,SPY,384.76495361328125,,-0.020060960273537765
2023-02-22,SPY,384.2347106933594,,-0.001378095678783664
2023-02-23,SPY,386.2786865234375,,0.005319602246214972
2023-02-24,SPY,382.1522521972656,,-0.010682531731974088
2023-02-27,SPY,383.45379638671875,,0.0034058262955918295
2023-02-28,SPY,382.03656005859375,,-0.0036959767812435596
2023-03-01,SPY,380.5710754394531,,-0.0038359800405382005
2023-03-02,SPY,383.53094482421875,,0.007777441786262385
2023-03-03,SPY,389.68194580078125,,0.016037821874794522
2023-03-06,SPY,389.9519348144531,,0.0006928445533114225
2023-03-07,SPY,383.9743957519531,,-0.015328912434667719
2023-03-08,SPY,384.6011047363281,,0.0016321634757643366
2023-03-09,SPY,377.5052795410156,,-0.018449830507317966
2023-03-10,SPY,372.05810546875,,-0.014429398388516534
2023-03-13,SPY,371.52777099609375,,-0.001425407657731581
2023-03-14,SPY,377.6691589355469,,0.01653009120418547
2023-03-15,SPY,375.3070983886719,,-0.006254311454852224
2023-03-16,SPY,381.89190673828125,,0.017545120723483132
2023-03-17,SPY,377.4265441894531,,-0.011692739411438557
2023-03-20,SPY,381.0557556152344,,0.0096156761670676
2023-03-21,SPY,386.0592041015625,,0.013130489206887308
2023-03-22,SPY,379.4783020019531,,-0.017046354625644633
2023-03-23,SPY,380.5041198730469,,0.002703231952082552
2023-03-24,SPY,383.0010681152344,,0.006562210792935952
2023-03-27,SPY,383.7171936035156,,0.0018697741283211222
2023-03-28,SPY,382.85589599609375,,-0.002244615622597923
2023-03-29,SPY,388.4206237792969,,0.014534784082990582
2023-03-30,SPY,390.6949462890625,,0.005855308319204777
2023-03-31,SPY,396.2016296386719,,0.014094585563272588
2023-04-03,SPY,397.7113952636719,,0.003810599230439582
2023-04-04,SPY,395.5047912597656,,-0.005548254413085929
2023-04-05,SPY,394.4693298339844,,-0.002618075554743804
2023-04-06,SPY,396.00811767578125,,0.0039009061679002865
2023-04-10,SPY,396.4145202636719,,0.0010262481240936872
2023-04-11,SPY,396.52099609375,,0.0002685971997375969
2023-04-12,SPY,394.90478515625,,-0.004075978203983643
2023-04-13,SPY,400.1501770019531,,0.01328267481901424
2023-04-14,SPY,399.1727600097656,,-0.002442625415064459
2023-04-17,SPY,400.6050720214844,,0.0035882007872574118
2023-04-18,SPY,400.86639404296875,,0.0006523183048225967
2023-04-19,SPY,400.7986145019531,,-0.00016908262209769376
2023-04-20,SPY,398.6114196777344,,-0.005457091778963918
2023-04-21,SPY,398.9211120605469,,0.0007769280244476207
2023-04-24,SPY,399.33734130859375,,0.0010433873652284653
2023-04-25,SPY,392.998291015625,,-0.015873923215385388
2023-04-26,SPY,391.3337097167969,,-0.004235594242729013
2023-04-27,SPY,399.1242980957031,,0.019907787613145267
2023-04-28,SPY,402.5309753417969,,0.00853537923485903
2023-05-01,SPY,402.1244201660156,,-0.0010099972441525162
2023-05-02,SPY,397.60491943359375,,-0.011239060613518648
2023-05-03,SPY,394.875732421875,,-0.006864067516082595
2023-05-04,SPY,392.078857421875,,-0.007082924500946275
2023-05-05,SPY,399.33734130859375,,0.01851281636160418
2023-05-08,SPY,399.4437255859375,,0.0002664020274065759
2023-05-09,SPY,397.6920166015625,,-0.004385371135334437
2023-05-10,SPY,399.5502014160156,,0.004672421715507635
2023-05-11,SPY,398.8533935546875,,-0.0017439807535039042
2023-05-12,SPY,398.3307800292969,,-0.0013102897802447222
2023-05-15,SPY,399.7049865722656,,0.0034499130166834036
2023-05-16,SPY,397.033935546875,,-0.0066825561729830785
2023-05-17,SPY,401.8534851074219,,0.012138885694766621
2023-05-18,SPY,405.7246398925781,,0.009633249252825049
2023-05-19,SPY,405.1342468261719,,-0.0014551570408998238
2023-05-22,SPY,405.298828125,,0.0004062389198580263
2023-05-23,SPY,400.7502136230469,,-0.011222866157782896
2023-05-24,SPY,397.8468933105469,,-0.0072447130751399635
2023-05-25,SPY,401.2921142578125,,0.008659665326521404
2023-05-26,SPY,406.48919677734375,,0.012950871285231313
2023-05-30,SPY,406.64404296875,,0.00038093556393103967
2023-05-31,SPY,404.38909912109375,,-0.005545252381404131
2023-06-01,SPY,408.231201171875,,0.009501003016974874
2023-06-02,SPY,414.13470458984375,,0.014461176414301669
2023-06-05,SPY,413.34112548828125,,-0.0019162342415819378
2023-06-06,SPY,414.24114990234375,,0.0021774373720961915
2023-06-07,SPY,412.808837890625,,-0.0034576767954038745
2023-06-08,SPY,415.3056945800781,,0.006048457446336641
2023-06-09,SPY,416.0509338378906,,0.001794435442466158
2023-06-12,SPY,419.82525634765625,,0.009071779925955425
2023-06-13,SPY,422.5931091308594,,0.006592868678941599
2023-06-14,SPY,423.0963439941406,,0.0011908260035669027
2023-06-15,SPY,428.3417663574219,,0.01239770193654488
2023-06-16,SPY,426.88275146484375,,-0.0034061933884838025
2023-06-20,SPY,424.6679992675781,,-0.00518819790601921
2023-06-21,SPY,422.49212646484375,,-0.005123703237557509
2023-06-22,SPY,424.0172424316406,,0.0036098092041574326
2023-06-23,SPY,420.8116455078125,,-0.007560062665010414
2023-06-26,SPY,419.09228515625,,-0.004085819320631345
2023-06-27,SPY,423.68695068359375,,0.010963374154288497
2023-06-28,SPY,423.9006652832031,,0.0005044162895848636
2023-06-29,SPY,425.5714111328125,,0.003941361706741198
2023-06-30,SPY,430.5934753417969,,0.011800755590269496
2023-07-03,SPY,431.08880615234375,,0.0011503444406668617
2023-07-05,SPY,430.44775390625,,-0.0014870537971408693
2023-07-06,SPY,427.0770263671875,,-0.007830747189347953
2023-07-07,SPY,425.99871826171875,,-0.002524856264550346
2023-07-10,SPY,427.0770263671875,,0.0025312473001533053
2023-07-11,SPY,429.7969055175781,,0.0063685915712361485
2023-07-12,SPY,433.2549743652344,,0.00804582071965343
2023-07-13,SPY,436.6936950683594,,0.007936944539790103
2023-07-14,SPY,436.4217529296875,,-0.000622729711335368
2023-07-17,SPY,437.93707275390625,,0.003472145496979495
2023-07-18,SPY,441.19122314453125,,0.007430634657535906
2023-07-19,SPY,442.1723327636719,,0.0022237741089858876
2023-07-20,SPY,439.2387390136719,,-0.006634503184910767
2023-07-21,SPY,439.2387390136719,,0.0
2023-07-24,SPY,441.2009582519531,,0.004467318257691755
2023-07-25,SPY,442.4053955078125,,0.0027299062554881903
2023-07-26,SPY,442.47344970703125,,0.00015382768815608294
2023-07-27,SPY,439.53985595703125,,-0.006629988199161718
2023-07-28,SPY,443.843017578125,,0.009790151138226788
2023-07-31,SPY,444.6881408691406,,0.0019041040582932212
2023-08-01,SPY,443.4156494140625,,-0.0028615367448096007
2023-08-02,SPY,437.2474060058594,,-0.013910748112643145
2023-08-03,SPY,435.9942932128906,,-0.0028659124691341464
2023-08-04,SPY,434.0224304199219,,-0.004522680281977665
2023-08-07,SPY,437.810791015625,,0.008728490350228713
2023-08-08,SPY,435.90692138671875,,-0.004348612843666277
2023-08-09,SPY,432.9927673339844,,-0.006685266761683462
2023-08-10,SPY,433.1481628417969,,0.00035888707511055884
2023-08-11,SPY,432.89556884765625,,-0.0005831584104695198
2023-08-14,SPY,435.28515625,,0.005520008922023978
2023-08-15,SPY,430.2146301269531,,-0.01164874577100139
2023-08-16,SPY,427.0575866699219,,-0.007338298690817702
2023-08-17,SPY,423.8035583496094,,-0.007619647611664115
2023-08-18,SPY,424.00750732421875,,0.00048123469138294794
2023-08-21,SPY,426.76617431640625,,0.006506174877884963
2023-08-22,SPY,425.6102600097656,,-0.00270854246705976
2023-08-23,SPY,430.3505859375,,0.011137715354008648
2023-08-24,SPY,424.3863525390625,,-0.013859010753859424
2023-08-25,SPY,427.3782043457031,,0.007049830393321299
2023-08-28,SPY,430.08831787109375,,0.006341253479549058
2023-08-29,SPY,436.3052062988281,,0.014454911164542894
2023-08-30,SPY,438.1022644042969,,0.004118809676174173
2023-08-31,SPY,437.46112060546875,,-0.0014634569389864183
2023-09-01,SPY,438.27703857421875,,0.001865121105209866
2023-09-05,SPY,436.38287353515625,,-0.004321844113085449
2023-09-06,SPY,433.4493103027344,,-0.006722452713730398
2023-09-07,SPY,432.1185302734375,,-0.0030702091286461952
2023-09-08,SPY,432.769287109375,,0.0015059683636471366
2023-09-11,SPY,435.6155090332031,,0.006576765053821321
2023-09-12,SPY,433.2258605957031,,-0.0054856826443198115
2023-09-13,SPY,433.7309875488281,,0.001165966760226178
2023-09-14,SPY,437.4707946777344,,0.008622411670517804
2023-09-15,SPY,432.2000427246094,,-0.012048237316065302
2023-09-18,SPY,432.4534606933594,,0.0005863441547864223
2023-09-19,SPY,431.556640625,,-0.0020737955638544525
2023-09-20,SPY,427.5892333984375,,-0.009193248007530852
2023-09-21,SPY,420.5218505859375,,-0.016528439587519816
2023-09-22,SPY,419.57623291015625,,-0.0022486766727191076
2023-09-25,SPY,421.3407287597656,,0.00420542373759103
2023-09-26,SPY,415.1506652832031,,-0.014691348483644617
2023-09-27,SPY,415.31634521484375,,0.0003990838639933436
2023-09-28,SPY,417.7240905761719,,0.005797376840737112
2023-09-29,SPY,416.7103576660156,,-0.0024268002086209606
2023-10-02,SPY,416.5446472167969,,-0.00039766337977986677
2023-10-03,SPY,410.9687194824219,,-0.013386146651100606
2023-10-04,SPY,413.9613952636719,,0.00728200381045796
2023-10-05,SPY,413.8053894042969,,-0.0003768608888653491
2023-10-06,SPY,418.71844482421875,,0.011872864746867107
2023-10-09,SPY,421.3992004394531,,0.006402286902741583
2023-10-10,SPY,423.5924987792969,,0.005204799481243638
2023-10-11,SPY,425.3276672363281,,0.0040963153550444
2023-10-12,SPY,422.7346496582031,,-0.006096517527236722
2023-10-13,SPY,420.6290588378906,,-0.004980880611548999
2023-10-16,SPY,425.0546875,,0.01052145249863723
2023-10-17,SPY,425.03515625,,-4.594996967299814e-05
2023-10-18,SPY,419.3715515136719,,-0.013325026537326923
2023-10-19,SPY,415.6867980957031,,-0.008786369520462411
2023-10-20,SPY,410.5788269042969,,-0.012288028426224562
2023-10-23,SPY,409.8671875,,-0.0017332588961358475
2023-10-24,SPY,412.9573669433594,,0.007539465313649574
2023-10-25,SPY,407.03045654296875,,-0.014352354201259576
2023-10-26,SPY,402.15643310546875,,-0.011974591481179409
2023-10-27,SPY,400.3335876464844,,-0.004532677607338775
2023-10-30,SPY,405.1199035644531,,0.011955819011107538
2023-10-31,SPY,407.6641540527344,,0.006280240654422675
2023-11-01,SPY,412.01177978515625,,0.010664724109786361
2023-11-02,SPY,419.90777587890625,,0.019164491116897997
2023-11-03,SPY,423.7387390136719,,0.00912334411228044
2023-11-06,SPY,424.7135314941406,,0.0023004563678501455
2023-11-07,SPY,425.9222412109375,,0.002845941151308873
2023-11-08,SPY,426.23419189453125,,0.0007324122889353912
2023-11-09,SPY,422.91009521484375,,-0.007798756512030436
2023-11-10,SPY,429.5095520019531,,0.015604869360606788
2023-11-13,SPY,429.1001281738281,,-0.0009532356759394123
2023-11-14,SPY,437.42498779296875,,0.01940073906425921
2023-11-15,SPY,438.35101318359375,,0.0021169924363426684
2023-11-16,SPY,438.88720703125,,0.0012232065890804833
2023-11-17,SPY,439.43310546875,,0.0012438239911174431
2023-11-20,SPY,442.8157043457031,,0.007697642337039845
2023-11-21,SPY,441.8506164550781,,-0.002179434652280432
2023-11-22,SPY,443.5565185546875,,0.0038608118583054463
2023-11-24,SPY,443.8294677734375,,0.0006153651391245241
2023-11-27,SPY,443.0301208496094,,-0.001801022649167927
2023-11-28,SPY,443.46881103515625,,0.0009902039723745926
2023-11-29,SPY,443.1568298339844,,-0.0007035020127879044
2023-11-30,SPY,444.90179443359375,,0.0039375780358910095
2023-12-01,SPY,447.5337829589844,,0.005915886513205404
2023-12-04,SPY,445.1844482421875,,-0.005249513681992113
2023-12-05,SPY,445.0967712402344,,-0.00019694533872272046
2023-12-06,SPY,443.30303955078125,,-0.004029981355413992
2023-12-07,SPY,446.6856689453125,,0.007630512522447397
2023-12-08,SPY,448.6060791015625,,0.004299242822775939
2023-12-11,SPY,450.35089111328125,,0.0038894078636053653
2023-12-12,SPY,452.40771484375,,0.004567158122823267
2023-12-13,SPY,458.64654541015625,,0.013790283325652242
2023-12-14,SPY,460.11846923828125,,0.0032092770410134808
2023-12-15,SPY,459.36090087890625,,-0.001646463704508827
2023-12-18,SPY,461.9448547363281,,0.005625106212735931
2023-12-19,SPY,464.7538757324219,,0.006080857849790622
2023-12-20,SPY,458.3136901855469,,-0.01385719599804458
2023-12-21,SPY,462.6593322753906,,0.009481807292477828
2023-12-22,SPY,463.58917236328125,,0.0020097726837533525
2023-12-26,SPY,465.546630859375,,0.004222399082608019
2023-12-27,SPY,466.388427734375,,0.001808190241751051
2023-12-28,SPY,466.5646057128906,,0.0003777494638352863
2023-12-29,SPY,465.21392822265625,,-0.002894942037385384
2024-01-02,SPY,462.61041259765625,,-0.005596383657184734
2024-01-03,SPY,458.8323974609375,,-0.008166731733305288
2024-01-04,SPY,457.3544616699219,,-0.0032210798522382955
2024-01-05,SPY,457.9808654785156,,0.0013696243528631413
2024-01-08,SPY,464.51898193359375,,0.014275959866242083
2024-01-09,SPY,463.81427001953125,,-0.001517078830942653
2024-01-10,SPY,466.4373474121094,,0.005655447799110869
2024-01-11,SPY,466.2318115234375,,-0.0004406505821461515
2024-01-12,SPY,466.5548095703125,,0.0006927842307018484
2024-01-16,SPY,464.8419189453125,,-0.003671359912841843
2024-01-17,SPY,462.258056640625,,-0.0055585828200478415
2024-01-18,SPY,466.36883544921875,,0.008892822417132296
2024-01-19,SPY,472.18267822265625,,0.012466190558889867
2024-01-22,SPY,473.1809997558594,,0.0021142697079887807
2024-01-23,SPY,474.56103515625,,0.002916506370929328
2024-01-24,SPY,475.07977294921875,,0.0010930897282748209
2024-01-25,SPY,477.6637268066406,,0.005438989417253293
2024-01-26,SPY,477.0569152832031,,-0.001270373883096032
2024-01-29,SPY,480.83489990234375,,0.00791935825287804
2024-01-30,SPY,480.46295166015625,,-0.000773546683618509
2024-01-31,SPY,472.62310791015625,,-0.016317270089006408
2024-02-01,SPY,478.80889892578125,,0.013088211118109205
2024-02-02,SPY,483.8494873046875,,0.010527348990828855
2024-02-05,SPY,482.0876770019531,,-0.0036412362707020085
2024-02-06,SPY,483.4873046875,,0.002903263767808806
2024-02-07,SPY,487.519775390625,,0.00834038590885311
2024-02-08,SPY,487.7350769042969,,0.0004416262160840123
2024-02-09,SPY,490.5539855957031,,0.00577958983245197
2024-02-12,SPY,490.3386535644531,,-0.00043895684791661616
2024-02-13,SPY,483.585205078125,,-0.013773028981571844
2024-02-14,SPY,487.9798583984375,,0.009087650478476705
2024-02-15,SPY,491.3467712402344,,0.006899696337564265
2024-02-16,SPY,488.89984130859375,,-0.004980046832228524
2024-02-20,SPY,486.20831298828125,,-0.005505275504095741
2024-02-21,SPY,486.6487121582031,,0.0009057828880283392
2024-02-22,SPY,496.7201232910156,,0.020695443923292256
2024-02-23,SPY,497.0627136230469,,0.0006897049585214976
2024-02-26,SPY,495.2422180175781,,-0.003662506874030691
2024-02-27,SPY,496.1622314453125,,0.001857703956292589
2024-02-28,SPY,495.5064697265625,,-0.0013216679488879945
2024-02-29,SPY,497.28778076171875,,0.003594929923194101
2024-03-01,SPY,501.95648193359375,,0.0093883287554819
2024-03-04,SPY,501.41815185546875,,-0.001072463644759214
2024-03-05,SPY,496.4069519042969,,-0.009994053730660202
2024-03-06,SPY,498.92236328125,,0.005067236402116482
2024-03-07,SPY,503.8748474121094,,0.009926362286686308
2024-03-08,SPY,500.85052490234375,,-0.0060021303410926485
2024-03-11,SPY,500.4198913574219,,-0.0008598045195337134
2024-03-12,SPY,505.8030090332031,,0.010757201639565395
2024-03-13,SPY,505.01019287109375,,-0.0015674405805231606
2024-03-14,SPY,504.0119323730469,,-0.001976713563683785
2024-03-15,SPY,500.551025390625,,-0.006866716361509262
2024-03-18,SPY,503.5258483886719,,0.00594309640206081
2024-03-19,SPY,506.3241271972656,,0.005557368737967527
2024-03-20,SPY,511.0072326660156,,0.00924922439440734
2024-03-21,SPY,512.6959228515625,,0.003304630693261812
2024-03-22,SPY,511.7239074707031,,-0.00189589060013029
2024-03-25,SPY,510.3101501464844,,-0.002762734559748292
2024-03-26,SPY,509.3676452636719,,-0.001846925605030525
2024-03-27,SPY,513.6483154296875,,0.00840389099272243
2024-03-28,SPY,513.5501098632812,,-0.00019119222911123668
2024-04-01,SPY,512.6566772460938,,-0.0017397184812701916
2024-04-02,SPY,509.3970947265625,,-0.006358217232322438
2024-04-03,SPY,509.9566955566406,,0.0010985552054993963
2024-04-04,SPY,503.7320861816406,,-0.012206152854225327
2024-04-05,SPY,508.99456787109375,,0.01044698528009902
2024-04-08,SPY,509.2792663574219,,0.000559335019072682
2024-04-09,SPY,509.8683166503906,,0.0011566351349463488
2024-04-10,SPY,504.76300048828125,,-0.0100130092327545
2024-04-11,SPY,508.57232666015625,,0.00754676188268566
2024-04-12,SPY,501.5525207519531,,-0.013802964770621484
2024-04-15,SPY,495.26898193359375,,-0.012528177126771789
2024-04-16,SPY,494.3656921386719,,-0.0018238367995413451
2024-04-17,SPY,491.4399108886719,,-0.005918253019020825
2024-04-18,SPY,490.4287109375,,-0.0020576268405699816
2024-04-19,SPY,486.1480712890625,,-0.008728362661016842
2024-04-22,SPY,490.6250915527344,,0.009209170061707184
2024-04-23,SPY,496.4471740722656,,0.011866662793591498
2024-04-24,SPY,496.2115478515625,,-0.0004746249611420339
2024-04-25,SPY,494.3264465332031,,-0.0037989871991517266
2024-04-26,SPY,499.0096435546875,,0.009473895346543637
2024-04-29,SPY,500.7768859863281,,0.0035414995571061425
2024-04-30,SPY,492.84393310546875,,-0.01584129200618889
2024-05-01,SPY,491.2436218261719,,-0.0032470954227094007
2024-05-02,SPY,495.83843994140625,,0.009353440759502174
2024-05-03,SPY,501.9844970703125,,0.012395281676089054
2024-05-06,SPY,507.16839599609375,,0.010326810800005859
2024-05-07,SPY,507.7280578613281,,0.0011035030369650478
2024-05-08,SPY,507.7771301269531,,9.665068704634017e-05
2024-05-09,SPY,510.702880859375,,0.005761879688615412
2024-05-10,SPY,511.36077880859375,,0.0012882205561708382
2024-05-13,SPY,511.4294128417969,,0.00013421841495753206
2024-05-14,SPY,513.7760009765625,,0.00458829327340915
2024-05-15,SPY,520.137939453125,,0.012382708543158927
2024-05-16,SPY,519.0677490234375,,-0.002057512725975541
2024-05-17,SPY,519.8140258789062,,0.001437725339077156
2024-05-20,SPY,520.4129028320312,,0.0011520984877475549
2024-05-21,SPY,521.6892700195312,,0.0024526048077482265
2024-05-22,SPY,520.1870727539062,,-0.002879486606210513
2024-05-23,SPY,516.3875122070312,,-0.00730421947389015
2024-05-24,SPY,519.80419921875,,0.00661651750081238
2024-05-28,SPY,520.1674194335938,,0.0006987635255537583
2024-05-29,SPY,516.5248413085938,,-0.007002703339179517
2024-05-30,SPY,513.0985107421875,,-0.006633428428583943
2024-05-31,SPY,517.7718505859375,,0.009108075244635083
2024-06-03,SPY,518.1940307617188,,0.000815378772143438
2024-06-04,SPY,518.7733154296875,,0.0011178914336724688
2024-06-05,SPY,524.93896484375,,0.011885055053295623
2024-06-06,SPY,524.92919921875,,-1.860335325443163e-05
2024-06-07,SPY,524.291015625,,-0.0012157517522359829
2024-06-10,SPY,525.9109497070312,,0.0030897612847706757
2024-06-11,SPY,527.1774291992188,,0.0024081633837307326
2024-06-12,SPY,531.5072021484375,,0.008213122773096826
2024-06-13,SPY,532.5774536132812,,0.0020136161100312577
2024-06-14,SPY,532.9013671875,,0.0006081999379079495
2024-06-17,SPY,537.1427001953125,,0.007958945630402559
2024-06-18,SPY,538.5074462890625,,0.0025407514488304805
2024-06-20,SPY,537.0444946289062,,-0.0027166786090659922
2024-06-21,SPY,536.3245849609375,,-0.001340502835740276
2024-06-24,SPY,534.5811767578125,,-0.0032506587466095693
2024-06-25,SPY,536.6398315429688,,0.0038509675885742833
2024-06-26,SPY,537.3095092773438,,0.0012479091096342376
2024-06-27,SPY,538.1565551757812,,0.001576458044780793
2024-06-28,SPY,536.0389404296875,,-0.003934941841230666
2024-07-01,SPY,537.14208984375,,0.002057965067198797
2024-07-02,SPY,540.7569580078125,,0.006729817365669577
2024-07-03,SPY,543.1700439453125,,0.004462422354009066
2024-07-05,SPY,546.3023071289062,,0.005766634626686251
2024-07-08,SPY,546.9326782226562,,0.0011538869331577661
2024-07-09,SPY,547.464599609375,,0.0009725536759794817
2024-07-10,SPY,552.8818969726562,,0.009895246865544438
2024-07-11,SPY,548.1145629882812,,-0.008622698645911364
2024-07-12,SPY,551.5718383789062,,0.006307578057725971
2024-07-15,SPY,553.0887451171875,,0.0027501526233455476
2024-07-16,SPY,556.36865234375,,0.0059301644727332015
2024-07-17,SPY,548.5676879882812,,-0.014021214751418043
2024-07-18,SPY,544.35205078125,,-0.007684807726264231
2024-07-19,SPY,540.7372436523438,,-0.006640568587402806
2024-07-22,SPY,546.3121337890625,,0.010309795010722489
2024-07-23,SPY,545.4552612304688,,-0.0015684670092365183
2024-07-24,SPY,533.0938720703125,,-0.022662517054598985
2024-07-25,SPY,530.316162109375,,-0.005210545658966281
2024-07-26,SPY,536.255615234375,,0.011199834267496822
2024-07-29,SPY,536.57080078125,,0.0005877524410391466
2024-07-30,SPY,533.852294921875,,-0.005066443897835726
2024-07-31,SPY,542.5299072265625,,0.016254706380830264
2024-08-01,SPY,534.84716796875,,-0.014160950678437256
2024-08-02,SPY,524.8890991210938,,-0.018618531505878888
2024-08-05,SPY,509.6024169921875,,-0.02912364184073013
2024-08-06,SPY,514.3007202148438,,0.009219546583760119
2024-08-07,SPY,510.8631591796875,,-0.006683951431606494
2024-08-08,SPY,522.6729125976562,,0.023117254015599942
2024-08-09,SPY,524.977783203125,,0.004409776267175758
2024-08-12,SPY,525.2535400390625,,0.0005252733444356394
2024-08-13,SPY,533.8916625976562,,0.01644562463672572
2024-08-14,SPY,535.5759887695312,,0.003154808905761586
2024-08-15,SPY,544.755859375,,0.017140183275503373
2024-08-16,SPY,545.9772338867188,,0.0022420585124500736
2024-08-19,SPY,551.1975708007812,,0.00956145529530561
2024-08-20,SPY,550.30126953125,,-0.0016260980037141604
2024-08-21,SPY,552.1923828125,,0.003436505394328604
2024-08-22,SPY,547.8585205078125,,-0.007848464483725226
2024-08-23,SPY,553.6796875,,0.010625310685670852
2024-08-26,SPY,552.35986328125,,-0.002383732415233264
2024-08-27,SPY,553.1182250976562,,0.001372948808954444
2024-08-28,SPY,549.9072875976562,,-0.005805155849697541
2024-08-29,SPY,549.9564819335938,,8.945932713921856e-05
2024-08-30,SPY,555.2064819335938,,0.009546209877446143
2024-09-03,SPY,543.7808227539062,,-0.020579117051904405
2024-09-04,SPY,542.6677856445312,,-0.0020468487721545525
2024-09-05,SPY,541.347900390625,,-0.0024322159686309686
2024-09-06,SPY,532.2369384765625,,-0.016830141776643548
2024-09-09,SPY,538.1959228515625,,0.011196112002403558
2024-09-10,SPY,540.5402221679688,,0.004355847409592606
2024-09-11,SPY,546.0856323242188,,0.010259014831512037
2024-09-12,SPY,550.6853637695312,,0.008423095523929724
2024-09-13,SPY,553.5615844726562,,0.005222983744177956
2024-09-16,SPY,554.3790283203125,,0.0014766990170298477
2024-09-17,SPY,554.6055908203125,,0.0004086779773875282
2024-09-18,SPY,552.960693359375,,-0.0029658869080358974
2024-09-19,SPY,562.3966064453125,,0.01706434688623526
2024-09-20,SPY,561.4244995117188,,-0.0017285078225098838
2024-09-23,SPY,562.827392578125,,0.002498809844647676
2024-09-24,SPY,564.4378051757812,,0.002861290368756819
2024-09-25,SPY,563.1929321289062,,-0.002205509686735607
2024-09-26,SPY,565.4258422851562,,0.00396473398167374
2024-09-27,SPY,564.6057739257812,,-0.0014503552863107672
2024-09-30,SPY,566.8682861328125,,0.0040072424185457756
2024-10-01,SPY,561.7900390625,,-0.008958425077819077
2024-10-02,SPY,562.0271606445312,,0.00042208221140227487
2024-10-03,SPY,560.9996337890625,,-0.0018282512437484133
2024-10-04,SPY,566.09765625,,0.009087389997930684
2024-10-07,SPY,560.9798583984375,,-0.009040485850911884
2024-10-08,SPY,566.285400390625,,0.009457633661455356
2024-10-09,SPY,570.2077026367188,,0.006926370066026921
2024-10-10,SPY,569.2098388671875,,-0.0017500005084409853
2024-10-11,SPY,572.618408203125,,0.0059882473969898875
2024-10-14,SPY,577.3014526367188,,0.008178298787650196
2024-10-15,SPY,572.8159790039062,,-0.0077697251796715605
2024-10-16,SPY,575.3057250976562,,0.004346502515658823
2024-10-17,SPY,575.3550415039062,,8.57220849690421e-05
2024-10-18,SPY,577.5682373046875,,0.0038466610025633674
2024-10-21,SPY,576.6196899414062,,-0.001642312201425411
2024-10-22,SPY,576.3134155273438,,-0.0005311549699137386
2024-10-23,SPY,571.0474853515625,,-0.009137268080012917
2024-10-24,SPY,572.2824096679688,,0.0021625597661916185
2024-10-25,SPY,572.0848388671875,,-0.0003452330483054711
2024-10-28,SPY,573.8533935546875,,0.003091420305775028
2024-10-29,SPY,574.7821044921875,,0.0016183766584478843
2024-10-30,SPY,573.043212890625,,-0.003025305742771489
2024-10-31,SPY,561.809814453125,,-0.019603056427166976
2024-11-01,SPY,564.180908203125,,0.004220456262957972
2024-11-04,SPY,562.9656982421875,,-0.0021539366952487704
2024-11-05,SPY,569.7730102539062,,0.012091877059248857
2024-11-06,SPY,583.940673828125,,0.024865452240191654
2024-11-07,SPY,588.4558715820312,,0.007732288494832984
2024-11-08,SPY,591.0048828125,,0.004331694785568052
2024-11-11,SPY,591.5680541992188,,0.0009529047950309621
2024-11-12,SPY,589.7303466796875,,-0.0031065022975570455
2024-11-13,SPY,590.0169067382812,,0.0004859170978857019
2024-11-14,SPY,586.2229614257812,,-0.00643023152247213
2024-11-15,SPY,578.7142944335938,,-0.012808551500482546
2024-11-18,SPY,581.08544921875,,0.0040972804853161016
2024-11-19,SPY,583.2095947265625,,0.0036554787435623126
2024-11-20,SPY,583.4072265625,,0.00033886931512183693
2024-11-21,SPY,586.5391845703125,,0.005368390834419978
2024-11-22,SPY,588.3569946289062,,0.0030992133286464885
2024-11-25,SPY,590.352783203125,,0.003392138773632647
2024-11-26,SPY,593.435302734375,,0.0052214872512752475
2024-11-27,SPY,591.63720703125,,-0.003029977648515203
2024-11-29,SPY,595.3125,,0.006212072068949359
2024-12-02,SPY,596.3795166015625,,0.0017923638451442514
2024-12-03,SPY,596.6561279296875,,0.0004638176201980926
2024-12-04,SPY,600.3610229492188,,0.00620943093702353
2024-12-05,SPY,599.3731079101562,,-0.0016455349386431672
2024-12-06,SPY,600.50927734375,,0.0018955962798452575
2024-12-09,SPY,597.4168701171875,,-0.005149641051743981
2024-12-10,SPY,595.5594482421875,,-0.0031090884236926186
2024-12-11,SPY,600.1635131835938,,0.007730655529007757
2024-12-12,SPY,597.071044921875,,-0.005152709542962097
2024-12-13,SPY,596.9525756835938,,-0.00019841732284431313
2024-12-16,SPY,599.5015258789062,,0.0042699375111894255
2024-12-17,SPY,597.0315551757812,,-0.004120040728009644
2024-12-18,SPY,579.2379150390625,,-0.02980351705443751
2024-12-19,SPY,579.0601196289062,,-0.00030694712058731977
2024-12-20,SPY,586.01513671875,,0.012010872194584854
2024-12-23,SPY,589.5244140625,,0.0059883732072167906
2024-12-24,SPY,596.0769653320312,,0.011114978639097606
2024-12-26,SPY,596.1166381835938,,6.655659230236921e-05
2024-12-27,SPY,589.8416137695312,,-0.010526504398841952
2024-12-30,SPY,583.110595703125,,-0.011411568647030523
2024-12-31,SPY,580.9891357421875,,-0.0036381776914539143
2025-01-02,SPY,579.5617065429688,,-0.002456894821957878
2025-01-03,SPY,586.8081665039062,,0.0125033449917904
2025-01-06,SPY,590.1885375976562,,0.005760606765051746
2025-01-07,SPY,583.5170288085938,,-0.011304029753303357
2025-01-08,SPY,584.3695068359375,,0.001460930847355657
2025-01-10,SPY,575.4476928710938,,-0.015267418748713957
2025-01-13,SPY,576.3399047851562,,0.0015504657071625516
2025-01-14,SPY,577.1329345703125,,0.0013759758409437328
2025-01-15,SPY,587.6310424804688,,0.01819010366818219
2025-01-16,SPY,586.5008544921875,,-0.0019232952423864358
2025-01-17,SPY,592.3892822265625,,0.01003993035862405
2025-01-21,SPY,597.811767578125,,0.009153584499674627
2025-01-22,SPY,601.1723022460938,,0.005621392635984934
2025-01-23,SPY,604.4535522460938,,0.005458085789615819
2025-01-24,SPY,602.68896484375,,-0.0029193101699653834
2025-01-27,SPY,594.1636962890625,,-0.01414538684460187
2025-01-28,SPY,599.26904296875,,0.008592491785637035
2025-01-29,SPY,596.58251953125,,-0.00448300053043138
2025-01-30,SPY,599.784423828125,,0.005367076962615069
2025-01-31,SPY,596.5924682617188,,-0.005321838046466132
2025-02-03,SPY,592.57763671875,,-0.006729604808231482
2025-02-04,SPY,596.5527954101562,,0.00670824959480032
2025-02-05,SPY,598.9714965820312,,0.004054462891607269
2025-02-06,SPY,601.0533447265625,,0.0034757048647742206
2025-02-07,SPY,595.5515747070312,,-0.009153546965176895
2025-02-10,SPY,599.5960693359375,,0.006791174435053504
2025-02-11,SPY,600.0521240234375,,0.0007606031974243255
2025-02-12,SPY,598.1190795898438,,-0.003221460863486958
2025-02-13,SPY,604.4337158203125,,0.010557490048300977
2025-02-14,SPY,604.4039916992188,,-4.917680849980677e-05
2025-02-18,SPY,606.1784057617188,,0.0029358079808696758
2025-02-19,SPY,607.6058959960938,,0.0023549011657404417
2025-02-20,SPY,605.078125,,-0.004160214725944633
2025-02-21,SPY,594.7288208007812,,-0.017104079244673942
2025-02-24,SPY,592.0225219726562,,-0.004550475331733694
2025-02-25,SPY,589.0783081054688,,-0.004973145037417193
2025-02-26,SPY,589.3756103515625,,0.0005046905343533137
2025-02-27,SPY,579.9680786132812,,-0.01596186128684496
2025-02-28,SPY,589.018798828125,,0.015605548906216127
2025-03-03,SPY,578.69921875,,-0.017519950294720976
2025-03-04,SPY,571.8492431640625,,-0.01183684954808395
2025-03-05,SPY,577.995361328125,,0.010747794523703114
2025-03-06,SPY,567.7352905273438,,-0.01775113000423656
2025-03-07,SPY,570.9173583984375,,0.005604844236718254
2025-03-10,SPY,555.710693359375,,-0.026635492537345318
2025-03-11,SPY,551.0911254882812,,-0.008312900806654588
2025-03-12,SPY,554.0155029296875,,0.005306522471787645
2025-03-13,SPY,546.6302490234375,,-0.013330410191043529
2025-03-14,SPY,557.9212646484375,,0.02065567290718273
2025-03-17,SPY,562.2235717773438,,0.007711315917698913
2025-03-18,SPY,556.1468505859375,,-0.010808371431663799
2025-03-19,SPY,562.2037353515625,,0.010890801160239771
2025-03-20,SPY,560.5780029296875,,-0.0028917140169094635
2025-03-21,SPY,560.762939453125,,0.0003299032828099069
2025-03-24,SPY,570.8053588867188,,0.01790849345962031
2025-03-25,SPY,572.177490234375,,0.002403851551660896
2025-03-26,SPY,565.3466796875,,-0.011938272063231614
2025-03-27,SPY,563.8452758789062,,-0.0026557223426582066
2025-03-28,SPY,552.4904174804688,,-0.020138252254996436
2025-03-31,SPY,556.1991577148438,,0.006712768433682514
2025-04-01,SPY,557.7700805664062,,0.002824389123523119
2025-04-02,SPY,561.2998657226562,,0.006328387411288716
2025-04-03,SPY,533.6386108398438,,-0.04928070817761465
2025-04-04,SPY,502.3977966308594,,-0.05854301689268204
2025-04-07,SPY,501.5029296875,,-0.0017811920142971616
2025-04-08,SPY,493.64801025390625,,-0.015662758816759825
2025-04-09,SPY,545.4906005859375,,0.10501934425982218
2025-04-10,SPY,521.5877685546875,,-0.04381896224348292
2025-04-11,SPY,530.8943481445312,,0.017842787256365567
2025-04-14,SPY,536.0447387695312,,0.009701347627829371
2025-04-15,SPY,534.5433349609375,,-0.0028008927240665837
2025-04-16,SPY,522.6615600585938,,-0.022227898329724827
2025-04-17,SPY,523.4072265625,,0.0014266717908673066
2025-04-21,SPY,510.94873046875,,-0.023802682617838022
2025-04-22,SPY,524.2424926757812,,0.026017800640849797
2025-04-23,SPY,532.3658447265625,,0.015495409403611937
2025-04-24,SPY,543.5715942382812,,0.021048964021112893
2025-04-25,SPY,547.4990234375,,0.00722522891344668
2025-04-28,SPY,547.7078247070312,,0.00038137286203787646
2025-04-29,SPY,551.1580200195312,,0.006299335442844001
2025-04-30,SPY,551.3768310546875,,0.00039700236086281926
2025-05-01,SPY,555.2843627929688,,0.007086862410970118
2025-05-02,SPY,563.527099609375,,0.014844172407353584
2025-05-05,SPY,560.295654296875,,-0.005734321055260616
2025-05-06,SPY,555.6124877929688,,-0.008358384485032677
2025-05-07,SPY,557.9490966796875,,0.0042054650283336326
2025-05-08,SPY,561.8367919921875,,0.006967831538101654
2025-05-09,SPY,561.1209716796875,,-0.0012740716213365255
2025-05-12,SPY,579.66455078125,,0.03304738200401469
2025-05-13,SPY,583.4925537109375,,0.006603824443858652
2025-05-14,SPY,584.23828125,,0.001278041226610016
2025-05-15,SPY,587.0919189453125,,0.004884373015077159
2025-05-16,SPY,590.8106079101562,,0.006334083036816818
2025-05-19,SPY,591.4568481445312,,0.0010938196195577898
2025-05-20,SPY,589.46826171875,,-0.0033621834492569835
2025-05-21,SPY,579.5352783203125,,-0.016850751844510237
2025-05-22,SPY,579.7639770507812,,0.00039462434647918876
2025-05-23,SPY,575.806640625,,-0.006825771490515775
2025-05-27,SPY,587.7780151367188,,0.020790615576653737
2025-05-28,SPY,584.37744140625,,-0.005785472819492488
2025-05-29,SPY,586.6842651367188,,0.003947489357079892
2025-05-30,SPY,586.0280151367188,,-0.0011185744002305542
2025-06-02,SPY,589.3291015625,,0.005632983987994278
2025-06-03,SPY,592.6898193359375,,0.005702616355661272
2025-06-04,SPY,592.5307006835938,,-0.00026846867813934416
2025-06-05,SPY,589.6671142578125,,-0.004832806844400794
2025-06-06,SPY,595.722412109375,,0.010269010608102258
2025-06-09,SPY,596.2593383789062,,0.0009013027856885625
2025-06-10,SPY,599.6399536132812,,0.005669706144252773
2025-06-11,SPY,597.9297485351562,,-0.002852053249320252
2025-06-12,SPY,600.3060913085938,,0.003974284235328973
2025-06-13,SPY,593.5946044921875,,-0.011180107804297013
2025-06-16,SPY,599.2421875,,0.009514208796833623
2025-06-17,SPY,594.12158203125,,-0.008545135131611592
2025-06-18,SPY,594.0321044921875,,-0.00015060476132944256
2025-06-20,SPY,592.636962890625,,-0.002348596298099359
2025-06-23,SPY,598.49072265625,,0.009877480029380825
2025-06-24,SPY,605.1024169921875,,0.011047279574515567
2025-06-25,SPY,605.4414672851562,,0.0005603188542100401
2025-06-26,SPY,610.1783447265625,,0.007823840449262098
2025-06-27,SPY,613.2098999023438,,0.004968310006379761
2025-06-30,SPY,616.1417846679688,,0.004781209119572027
2025-07-01,SPY,615.9423828125,,-0.0003236298209773336
2025-07-02,SPY,618.734619140625,,0.004533275199175568
2025-07-03,SPY,623.611083984375,,0.007881351217300603
2025-07-07,SPY,618.9639892578125,,-0.007451911689688506
2025-07-08,SPY,618.6249389648438,,-0.0005477706277796646
2025-07-09,SPY,622.3345947265625,,0.005996615280215112
2025-07-10,SPY,624.0897827148438,,0.0028203284907413195
2025-07-11,SPY,621.8958129882812,,-0.003515471310904239
2025-07-14,SPY,623.08251953125,,0.0019082079637526839
2025-07-15,SPY,620.419921875,,-0.004273266498076467
2025-07-16,SPY,622.494140625,,0.00334324975208955
2025-07-17,SPY,626.3035888671875,,0.006119653171936301
2025-07-18,SPY,625.8449096679688,,-0.0007323592062571382
2025-07-21,SPY,627.0316162109375,,0.0018961671248525214
2025-07-22,SPY,627.121337890625,,0.00014308956258002326
2025-07-23,SPY,632.4566040039062,,0.008507549960310445
2025-07-24,SPY,632.6659545898438,,0.000331011779483692
2025-07-25,SPY,635.3385620117188,,0.0042243578976959295
2025-07-28,SPY,635.1790161132812,,-0.000251119494356411
2025-07-29,SPY,633.503662109375,,-0.002637609180098366
2025-07-30,SPY,632.7058715820312,,-0.0012593305691198653
2025-07-31,SPY,630.3324584960938,,-0.0037512107798256533
2025-08-01,SPY,620.0010375976562,,-0.016390431365516545
2025-08-04,SPY,629.4249267578125,,0.015199795788522152
2025-08-05,SPY,626.2337646484375,,-0.005069964619629497
2025-08-06,SPY,631.030517578125,,0.0076596842911853535
2025-08-07,SPY,630.501953125,,-0.0008376210633260772
2025-08-08,SPY,635.4183349609375,,0.007797567971946862
2025-08-11,SPY,634.1618041992188,,-0.001977485842922677
2025-08-12,SPY,640.9131469726562,,0.010646088630271056
2025-08-13,SPY,643.1070556640625,,0.0034230982805847354
2025-08-14,SPY,643.1668701171875,,9.300854748550691e-05
2025-08-15,SPY,641.6610717773438,,-0.0023412249756729064
2025-08-18,SPY,641.5214233398438,,-0.00021763582620526467
2025-08-19,SPY,638.0410766601562,,-0.005425144902516887
2025-08-20,SPY,636.3457641601562,,-0.0026570585531485724
2025-08-21,SPY,633.7928466796875,,-0.004011840141401879
2025-08-22,SPY,643.52587890625,,0.015356803532182273
2025-08-25,SPY,640.6936645507812,,-0.004401088516101992
2025-08-26,SPY,643.3762817382812,,0.004187051216404392
2025-08-27,SPY,644.8422241210938,,0.002278514804511911
2025-08-28,SPY,647.1258544921875,,0.0035413784731703757
2025-08-29,SPY,643.2666015625,,-0.005963682184690233
2025-09-02,SPY,638.4998168945312,,-0.00741027850099818
2025-09-03,SPY,641.960205078125,,0.0054195601815894
2025-09-04,SPY,647.3253173828125,,0.008357390788786612
2025-09-05,SPY,645.4505004882812,,-0.0028962514584031096
2025-09-08,SPY,647.0361328125,,0.002456628855379561
2025-09-09,SPY,648.531982421875,,0.002311848648811843
2025-09-10,SPY,650.4067993164062,,0.00289086266421279
2025-09-11,SPY,655.8118286132812,,0.00831022877152554
2025-09-12,SPY,655.5924072265625,,-0.0003345797943027362
2025-09-15,SPY,659.0827026367188,,0.005323880160421179
2025-09-16,SPY,658.1752319335938,,-0.0013768692449287467
2025-09-17,SPY,657.3575439453125,,-0.0012423560605266948
2025-09-18,SPY,660.4290161132812,,0.004672452908252023
2025-09-19,SPY,663.7000122070312,,0.004952835223685836
2025-09-22,SPY,666.8400268554688,,0.004731075170536503
2025-09-23,SPY,663.2100219726562,,-0.005443591771073009
2025-09-24,SPY,661.0999755859375,,-0.0031815658943793457
2025-09-25,SPY,658.0499877929688,,-0.004613504621998388
2025-09-26,SPY,661.8200073242188,,0.0057290777314567
2025-09-29,SPY,663.6799926757812,,0.0028104096748033935
2025-09-30,SPY,666.1799926757812,,0.003766875644270362
2025-10-01,SPY,668.4500122070312,,0.0034075168215907947
2025-10-02,SPY,669.219970703125,,0.0011518565068935338
2025-10-03,SPY,669.2100219726562,,-1.4866158967619114e-05
2025-10-06,SPY,671.6099853515625,,0.003586263355458641
2025-10-07,SPY,669.1199951171875,,-0.003707494362329311
2025-10-08,SPY,673.1099853515625,,0.005963041402874625
2025-10-09,SPY,671.1599731445312,,-0.0028970186885769467
2025-10-10,SPY,653.02001953125,,-0.027027764376787222
2025-10-13,SPY,663.0399780273438,,0.015344029580113494
2025-10-14,SPY,662.22998046875,,-0.0012216421112398734
2025-10-15,SPY,665.1699829101562,,0.00443954899070742
2025-10-16,SPY,660.6400146484375,,-0.006810241559458086
2025-10-17,SPY,664.3900146484375,,0.0056763137515907225
2025-10-20,SPY,671.2999877929688,,0.010400477117627371
2025-10-21,SPY,671.2899780273438,,-1.4911017141350236e-05
2025-10-22,SPY,667.7999877929688,,-0.005198930936866852
2025-10-23,SPY,671.760009765625,,0.005929952148911788
2025-10-24,SPY,677.25,,0.008172546972973871
2025-10-27,SPY,685.239990234375,,0.011797696913067535
2025-10-28,SPY,687.0599975585938,,0.002656014462314449
2025-10-29,SPY,687.3900146484375,,0.00048033227231458753
2025-10-30,SPY,679.8300170898438,,-0.010998119550020391
2025-10-31,SPY,682.0599975585938,,0.0032802030105936186
2025-11-03,SPY,683.3400268554688,,0.0018767107020742912
2025-11-04,SPY,675.239990234375,,-0.011853596017736279
2025-11-05,SPY,677.5800170898438,,0.0034654743340312155
2025-11-06,SPY,670.3099975585938,,-0.010729388925125316
2025-11-07,SPY,670.969970703125,,0.0009845789961884233
2025-11-10,SPY,681.4400024414062,,0.01560432239211762
2025-11-11,SPY,683.0,,0.0022892661907207845
2025-11-12,SPY,683.3800048828125,,0.0005563761095350728
2025-11-13,SPY,672.0399780273438,,-0.016594027882646856
2025-11-14,SPY,671.9299926757812,,-0.00016365894166792128
2025-11-17,SPY,665.6699829101562,,-0.009316461288915168
2025-11-18,SPY,660.0800170898438,,-0.008397503213040225
2025-11-19,SPY,662.6300048828125,,0.003863149507556951
2025-11-20,SPY,652.530029296875,,-0.015242255122032589
2025-11-21,SPY,659.030029296875,,0.009961227389035265
2025-11-24,SPY,668.72998046875,,0.014718526835907575
2025-11-25,SPY,675.02001953125,,0.009405947461920139
2025-11-26,SPY,679.6799926757812,,0.006903459171132775
2025-11-28,SPY,683.3900146484375,,0.0054584834225450685
2025-12-01,SPY,680.27001953125,,-0.004565467815318525
2025-12-02,SPY,681.530029296875,,0.0018522200441719594
2025-12-03,SPY,683.8900146484375,,0.00346277529986061
2025-12-04,SPY,684.3900146484375,,0.0007311117128343536
2025-12-05,SPY,686.030029296875,,0.0023963158627904324
